N;N2;ID;ABREV;ABREV8;NOMBRE;POND;ACTIV;DENIVEL;DECURSO;COLORFUENT;COLORFONDO;ESTILOFOND;
1;1;392;AAPQ;AAPQ;ACONDICIONAMIENTO Y ALMACENAMIENTO PROD. QUÍMICOS;1;0;;;0;16736352;4;
2;2;453;ABAFS;ABAFS;Actividades básicas de acondicionamiento físico con soporte musical;1;0;;;0;8454143;4;
3;3;387;ABO;;Aplicaciones básicas de ofimática;1;0;;;0;16711935;4;
4;4;381;AC;;Atención al cliente;1;0;;;0;16777088;4;
5;5;451;ACCU;ACCU;Atención al cliente, consumidor y usuario;1;0;;;0;65535;4;
6;6;327;ACE;ACE;Colab. en actividades extraescolares;1;0;;;0;57088;5;
7;7;0;ACM;ACM;Acabados en carp. y mueb.;1;0;;;0;16776960;5;
8;8;1;ACO;ACO;Actividades Complementarias;1;0;;;0;16728128;5;
9;9;2;ADA;ADA;Análisis y Diseño Aplic.Inform;1;0;;;0;16736352;5;
10;10;3;ADG;ADG;Anim. y Dinám. de Grupos;1;0;;;0;16744576;5;
11;11;4;ADP;ADP;Administración Pública;1;0;;;0;65280;5;
12;12;436;ADT;ADT;Acceso a datos;1;0;;;0;16719904;4;
13;13;482;AEAFS;AEAFS;Actividades especializadas de AF con soporte musical;1;0;;;0;16719904;4;
14;14;374;AEME;AEMEC;AJ. EMB. MUEBLES CARPINTERÍA;1;0;;;0;57088;4;
15;15;5;AEMEC;AEMEC;Aj. emb. muebles carpintería;1;0;;;0;57088;5;
16;16;6;AEN;AEN;Autom. Eléct. Neum. e Hidrául.;1;0;;;0;48896;5;
17;17;7;AFA;AFA;Autom. Fabr.;1;0;;;0;40704;5;
18;18;454;AFA2;AFA2;Acondicionamiento físico en el agua;1;0;;;0;12648447;4;
19;19;8;AFD;AFD;Act. física y deportiva;1;0;;;0;2105599;5;
20;20;406;AFDE;AFDE;ACTIVIDADES FÍSICO-DEPORTIVAS DE EQUIPO;1;0;;;0;65535;4;
21;21;10;AFDI;AFI;Activ. Físico-Dep. Individ.;1;0;;;0;6316287;5;
22;22;407;AFDIM;AFDI;ACTIVIDADES FÍSICO-DEPORTIVAS DE IMPLEMENTOS;1;0;;;0;4259839;4;
23;23;408;AFDIS;AFDIS;ACTIVIDADES FÍSICO-DEPORTIVAS PARA LA INCLUSIÓN SOCIAL;1;0;;;0;8454143;4;
24;24;9;AFE;AFE;Activ. Físico-Dep. en Equipo;1;0;;;0;4210943;5;
25;25;11;AFP;AFP;Activ. Fís. para Pers.Discap.;1;0;;;0;8421631;5;
26;26;342;AFYD;;ACTIVIDAD FÍSICO Y DEPORTIVA;1;0;;;0;12648447;4;
27;27;401;AG;AG;Atención a grupos;1;0;;;0;16744576;4;
28;28;12;AGC;AGC;Admón. Gest. y Com. Peq. Empr.;1;0;;;0;16776960;5;
29;29;13;AGE;AGE;Admón. y Gest. Peq.Estab.Com.;1;0;;;0;16777024;5;
30;30;14;AIB;AIB;Aprendizajes instrum. básicos;1;0;;;0;16777088;5;
31;31;15;AIC;AIC;Aplic. Infor. para el comercio;1;0;;;0;16777152;5;
32;32;16;AIG;AIG;Aplic. Inform. Prop. General;1;0;;;0;65535;5;
33;33;17;AIN;AIN;Aplicaciones Informáticas;1;0;;;0;4259839;5;
34;34;18;AIO;AIO;Aplic. Inform. y Operat. Tecl.;1;0;;;0;8454143;5;
35;35;19;ALP;ALP;Almacenaje de Productos;1;0;;;0;12648447;5;
36;36;20;ANH;ANH;Autom. neumáticos hidráulicos;1;0;;;0;16761087;5;
37;37;333;AOAP;AOAP;Orientación académica profesional alumnado (FOL);1;1;;;0;8421631;5;
38;38;404;AOTL;AOTL;ACTIVIDADES DE OCIO Y TIEMPO LIBRE;1;0;;;0;16777088;4;
39;39;21;APV;APV;Animación del Punto de Venta;1;0;;;0;16728319;5;
40;40;22;ASA;ASA;Primeros Auxilios y Socorrismo;1;0;;;0;16744703;5;
41;41;23;AUD;AUD;Auditoría;1;0;;;0;16719904;5;
42;42;326;B;B;Biblioteca;1;1;;;0;65280;5;
43;43;348;BADA;BADAT;BASES DE DATOS;1;0;;;0;8421631;4;
44;44;24;BADAT;BADAT;Bases de datos;1;0;;;0;16777152;5;
45;45;382;CA I;;Ciencias aplicadas 1;1;0;;;0;16777152;4;
46;46;388;CA II;;Ciencias aplicadas 2;1;0;;;0;16728319;4;
47;47;25;CAC;CAC;Comunic. y atención al cliente;1;0;;;0;16736352;5;
48;48;299;CAFP;CAFP;Coord./Direc. Act. formación prof.;1;1;;;0;16719904;5;
49;49;26;CAL;CAL;Control de almacén;1;0;;;0;16744576;5;
50;50;27;CALM;CALM;Calidad Manten.Equipos e Inst.;1;0;;;0;65280;5;
51;51;28;CAO;CAO;Com. Arch. Inform. y Teclados;1;0;;;0;57088;5;
52;52;29;CAP;CAP;Const. y Análisis Protot.Carp.;1;0;;;0;48896;5;
53;53;30;CCM;CCM;Calidad en Const. Metál.;1;0;;;0;40704;5;
54;54;31;CCP;CCP;Control Caract. Prod. Mec.;1;0;;;0;8421631;5;
55;55;335;CCTF;CCTF;Colab. con tutores de FCT;1;1;;;0;16777024;5;
56;56;32;CDI;CDI;Comercio digital internacional;1;0;;;0;4210943;5;
57;57;300;CDP;CDP;Coord./Direc. proyectos;1;1;;;0;16728128;5;
58;58;33;CE;CE;Comercio electrónico;1;0;;;0;6316287;5;
59;59;34;CEA;CEA;Control Emisiones a Atmósf.;1;0;;;0;8421631;5;
60;60;353;CEAC;CEACL;COMP. EMP. ATENCIÓN CLIENTE;1;0;;;0;16776960;4;
61;61;35;CEACL;CEACL;Com. emp. atención cliente;1;0;;;0;16776960;5;
62;62;294;CEIL;CEIL;Colab. estudios inserción laboral;1;1;;;0;8454143;5;
63;63;36;CF;CF;Contabilidad y fiscalidad;1;0;;;0;16777024;5;
64;64;298;CFCT;CFCT;Colab. con DO y prof FOL;1;1;;;0;16744703;5;
65;65;37;CFI;CFI;Contabilidad y Fiscalidad;1;0;;;0;16777088;5;
66;66;38;CFM;CFM;Control Calidad en Fabr. Mec.;1;0;;;0;16777152;5;
67;67;39;CGB;CGB;Cond. Grupos en Bicicletas;1;0;;;0;65535;5;
68;68;40;CGC;CGC;Conducción de Grupos a Caballo;1;0;;;0;4259839;5;
69;69;41;CGE;CGE;Cont. General y Tesorería;1;0;;;0;8454143;5;
70;70;330;CHL;CHL;Compensación horas lectivas (> 18);1;1;;;0;2105599;5;
71;71;42;CIFC;CIFC;Config. inst. frío y climatiz.;1;0;;;0;12648447;5;
72;72;292;CJE;CJE;Colab. con Jefatura de Estudios;1;1;;;0;65535;5;
73;73;43;CML;CML;Cond. y Mant. Líneas Autom.;1;0;;;0;16711935;5;
74;74;44;CMP;CMP;Calidad Mont. y Proc.;1;0;;;0;16728319;5;
75;75;483;CPBMF;CPBMF;Control postural, bienestar y mantenimiento funcional;1;0;;;0;16728128;4;
76;76;317;CPI;CPI;Coord. Programa Institucional;1;1;;;0;8454143;5;
77;77;334;CPSP;CPSP;Colab. prof. Psic/Pedagogía (FOL);1;1;;;0;16776960;5;
78;78;339;CRDD;CRDD;Coord. o reuniones con Dptos. didácticos (DO);1;1;;;0;4259839;5;
79;79;45;CRE;CRE;Control de Residuos;1;0;;;0;16744703;5;
80;80;337;CRED;CRED;Coord. o reuniones con el Equipo Directivo (DO/UO);1;1;;;0;16777152;5;
81;81;288;CRJP;CRJP;Coord. o reuniones con Juntas de profesorado (DO/UO);1;1;;;0;16776960;5;
82;82;338;CRT;CRT;Coord. o reuniones con tutores (DO/UO);1;1;;;0;65535;5;
83;83;383;CS I;;Comunicación y sociedad 1;1;0;;;0;65535;4;
84;84;389;CS II;;Comunicación y sociedad 2;1;0;;;0;16744703;4;
85;85;297;CSBC;CSBC;Coord. Secciones Bilingües (Comp);1;1;;;0;16728319;5;
86;86;46;CSM;CSM;Config. sist. mecatrónicos;1;0;;;0;16777152;5;
87;87;47;CST;CST;Comerc. Serv. Transp.;1;0;;;0;16728128;5;
88;88;48;CTL;CTL;Comerciali. del trans y la log;1;0;;;0;16736352;5;
89;89;318;D;D;Dirección;1;1;;;0;12648447;5;
90;90;49;DAC;DAC;Desarr. Aplic. Cuarta Generac.;1;0;;;0;16744576;5;
91;91;50;DAG;DAG;Depuración de Aguas;1;0;;;0;65280;5;
92;92;458;DASP;DASP;Digitalización aplicada a los SP;1;0;;;0;16744703;4;
93;93;51;DAW;DAW;Desp. de aplicaciones web;1;0;;;0;57088;5;
94;94;309;DCI;DCI;Desdoble conversación en Idioma;1;1;;;0;6316287;5;
95;95;52;DCM;DCM;Def. Proc. en Const. Metál.;1;0;;;0;48896;5;
96;96;355;DCME;;DISEÑO EN CONSTR. MET.;1;0;;;0;2105599;4;
97;97;53;DCMET;DCMET;Diseño const. metalicas;1;0;;;0;40704;5;
98;98;54;DEG;DEG;Diseño en Entornos Gráficos;1;0;;;0;2105599;5;
99;99;447;DEMC;DEMC;Diseño y elaboración de material de comunicación;1;0;;;0;8421631;4;
100;100;55;DES;DES;Desplaz. y Seg.Medio Nat.Terr.;1;0;;;0;4210943;5;
101;101;437;DESIN;DESIN;Desarrollo de interfaces;1;0;;;0;16728128;4;
102;102;303;DESP;DESP;Desplazamiento otros centros/en CRA;1;1;;;0;65280;5;
103;103;398;DG;DG;DINAMIZACIÓN GRUPAL;1;0;;;0;2105599;4;
104;104;443;DG2;DG2;Diseño gráfico 2D y 3D;1;0;;;0;40704;4;
105;105;56;DGM;DGM;Desarr. Geom. en Const. Metál.;1;0;;;0;6316287;5;
106;106;307;DGO;DGO;Docencia grupo ordinario;1;1;;;0;2105599;5;
107;107;442;DGPP;DGPP;Diseño, gestión, publicación y producción;1;0;;;0;48896;4;
108;108;57;DGR;DGR;Dinámica de Grupos;1;0;;;0;8421631;5;
109;109;58;DIW;DIW;Diseño de interfaces web;1;0;;;0;16776960;5;
110;110;361;DMMF;DMMFU;DIS. MOL. Y MOD. FUND.;1;0;;;0;16777088;4;
111;111;59;DMMFU;DMMFU;Dis.mol.y mod. fund.;1;0;;;0;16777024;5;
112;112;293;DMP;DMP;Desdoble módulo por peligrosidad (FP);1;1;;;0;4259839;5;
113;113;360;DMPP;DMPPO;DIS. MOL. PROD. POLIM.;1;0;;;0;16777024;4;
114;114;60;DMPPO;DMPPO;Dis. mol. prod. polim.;1;0;;;0;16777088;5;
115;115;61;DPC;DPC;Def. Prod. en Carp. y Mueb.;1;0;;;0;16777152;5;
116;116;62;DPCM;DPCM;Def. proc. en const. metál.;1;0;;;0;65535;5;
117;117;310;DPL;DPL;Desdoble prácticas de laboratorio;1;1;;;0;8421631;5;
118;118;63;DPM;DPM;Desarr. Prod. Mec.;1;0;;;0;4259839;5;
119;119;64;DPMC;DPMC;Definición procesos mecanizac.;1;0;;;0;8454143;5;
120;120;350;DPRM;;DISEÑO DE PRODUCTOS MECÁNICOS;1;0;;;0;16719904;4;
121;121;65;DPRME;DPRME;Dis. prod. mecánicos;1;0;;;0;12648447;5;
122;122;66;DPSC;DPSC;Desarrollo personal, soc. ciud;1;0;;;0;16711935;5;
123;123;67;DPV;DPV;Dinamización punto venta;1;0;;;0;16728319;5;
124;124;325;DRD;DRD;Despacho/reuniones Equipo Directivo;1;1;;;0;16744576;5;
125;125;68;DSC;DSC;Definición Soluc. en Carpint.;1;0;;;0;16744703;5;
126;126;69;DT;DT;Documentación técnica;1;0;;;0;16719904;5;
127;127;311;DTT;DTT;Desdoble talleres de Tecnología;1;1;;;0;16776960;5;
128;128;362;DUPC;DUPCE;DIS. UTI. PROC. CHAPA Y EST.;1;0;;;0;16777152;4;
129;129;70;DUPCE;DUPCE;Dis.úti.proc.chapa y est.;1;0;;;0;16728128;5;
130;130;71;DWEC;DWEC;Des. web en entorno cliente;1;0;;;0;16736352;5;
131;131;72;DWES;DWES;Des. web en entorno servidor;1;0;;;0;16744576;5;
132;132;73;EAE;EAE;Electricidad y automat. eléct.;1;0;;;0;65280;5;
133;133;74;ECM;ECM;Ejec. Proc. en Const. Metál.;1;0;;;0;57088;5;
134;134;75;EDEC;EDEC;Escapa. y diseño de esp. com.;1;0;;;0;48896;5;
135;135;476;EDV;EDV;Educación vial;1;0;;;0;4259839;4;
136;136;295;EFE;EFE;Estancia formativa en empresas;1;1;;;0;12648447;5;
137;137;76;EIE;EIE;Emp. e iniciat. emprendedora;1;0;;;0;40704;5;
138;138;77;ELE;ELE;Electrotecnia;1;0;;;0;2105599;5;
139;139;78;EM;EM;Elementos de máquinas;1;0;;;0;4210943;5;
140;140;79;EMA;EMA;Elementos de Máquinas;1;0;;;0;6316287;5;
141;141;363;EMAD;EMADM;EMPRESA Y ADMINISTRACIÓN;1;0;;;0;65535;4;
142;142;80;EMADM;EMADM;Empresa y administración;1;0;;;0;8421631;5;
143;143;81;EME;EME;Emergencias;1;0;;;0;16776960;5;
144;144;427;EMI;EMI;Estrategias del mantenimiento industrial;1;0;;;0;16777088;4;
145;145;82;EMPAU;EMPAU;Empresa en el aula;1;0;;;0;16777024;5;
146;146;364;ENDE;ENDES;ENTORNOS DE DESARROLLO;1;0;;;0;4259839;4;
147;147;83;ENDES;ENDES;Entornos de desarrollo;1;0;;;0;16777088;5;
148;148;84;EPF;EPF;Ejec. procesos fabricación;1;0;;;0;16777152;5;
149;149;85;EPM;EPM;Procesos Mecanizado y Montaje;1;0;;;0;65535;5;
150;150;86;ETL;ETL;Organiz. Peq.Empr.Tiempo Libre;1;0;;;0;4259839;5;
151;151;400;FAAT;FAAT;JUEGOS Y ACT. FIS/RECRE Y ANIMACIÓN TURÍSTICA;1;0;;;0;6316287;4;
152;152;87;FAC;FAC;Fabricación por Abrasión;1;0;;;0;8454143;5;
153;153;343;FAEC;;FABRICACIÓN POR ABRASIÓN, ELECTROEROSIÓN;1;0;;;0;16744576;4;
154;154;88;FAECC;FAECC;Fabr. por abrasión;1;0;;;0;12648447;5;
155;155;351;FASO;;FABRICACIÓN ASISTIDA POR ORDENADOR;1;0;;;0;16744576;4;
156;156;89;FASOR;FASOR;Fabr. asist. ordenador (CAM);1;0;;;0;16711935;5;
157;157;90;FAV;FAV;Fabr. por Arranque Viruta;1;0;;;0;16728319;5;
158;158;91;FB;FB;Área de Formación Básica;1;0;;;0;16744703;5;
159;159;92;FBI;FBI;Fundam. Biol. y Acondic.Físico;1;0;;;0;16719904;5;
160;160;93;FBS;FBS;Fundam. Biol. y Prim. Auxilios;1;0;;;0;16728128;5;
161;161;94;FCT;FCT;Form. en Centros Trab.;1;0;;;0;16736352;5;
162;162;341;FFA;;RIESGOS FÍSICO AMBIENTALES;1;0;;;0;57088;4;
163;163;95;FI;FI;Financiación internacional;1;0;;;0;16744576;5;
164;164;96;FMC;FMC;Fabricación a Medida Carpint.;1;0;;;0;65280;5;
165;165;487;FOL;FOL;Formación y orientación laboral;1;0;;;0;57088;4;
166;166;393;FPM;FPM;FORMULACIÓN Y PREPARACIÓN DE MEZCLAS;1;0;;;0;16744576;4;
167;167;455;FSEP;FSEP;Fitness en sala de entrenamiento polivalente;1;0;;;0;16711935;4;
168;168;322;G;G;Guardias;1;1;;;0;16719904;5;
169;169;98;GAC;GAC;Gest. Admin. Compraventa;1;0;;;0;48896;5;
170;170;99;GACI;GACI;Gest. admin. comerc. internac.;1;0;;;0;40704;5;
171;171;100;GAP;GAP;Gestión de Aprovisionamiento;1;0;;;0;2105599;5;
172;172;101;GAPE;GAPE;Gest. Admin. Pers.;1;0;;;0;4210943;5;
173;173;102;GAT;GAT;Gest. Admin. Transp.;1;0;;;0;6316287;5;
174;174;416;GB;GB;Guía de bicicleta;1;0;;;0;16744576;4;
175;175;415;GBMM;GBMM;Guía de baja y media montaña;1;0;;;0;16736352;4;
176;176;103;GCD;GCD;Gest. Calidad Diseño;1;0;;;0;8421631;5;
177;177;104;GCI;GCI;Gest. Admin. Comerc. Internac.;1;0;;;0;16776960;5;
178;178;105;GCIM;GCIM;Gest. Calidad en Indust.Madera;1;0;;;0;16777024;5;
179;179;106;GCME;GCME;Gest. Calidad en Const. Metál.;1;0;;;0;16777088;5;
180;180;107;GCMM;GCMM;Gest. Compras en Indust.Madera;1;0;;;0;16777152;5;
181;181;108;GCO;GCO;Gestión de compras;1;0;;;0;65535;5;
182;182;352;GCPR;;GESTIÓN DE LA CALIDAD, PREVENCIÓN;1;0;;;0;65280;4;
183;183;109;GCPRL;GCPRL;Gest.cal.pr..rie.lab. pro.am.;1;0;;;0;4259839;5;
184;184;110;GCS;GCS;Gest. Comerc. y Serv. Cliente;1;0;;;0;8454143;5;
185;185;111;GDJE;GDJE;Gestión doc. jur. y emp.;1;0;;;0;12648447;5;
186;186;432;GE;GE;Guía Ecuestre;1;0;;;0;12648447;4;
187;187;112;GEC;GEC;Gestión de la Compraventa;1;0;;;0;16711935;5;
188;188;113;GEFE;GEFE;Gest. econo. y financ. empresa;1;0;;;0;16728319;5;
189;189;114;GF;GF;Gestión financiera;1;0;;;0;16744703;5;
190;190;115;GFI;GFI;Gestión Financiera;1;0;;;0;16719904;5;
191;191;116;GLC;GLC;Gestión logística y comercial;1;0;;;0;16728128;5;
192;192;433;GMNA;GMNA;Guía en el medio natural acuático;1;0;;;0;16711935;4;
193;193;117;GPC;GPC;Gestión de un pequeño comer.;1;0;;;0;16736352;5;
194;194;118;GPPPV;GPPPV;Gestión de pro. pro. pun. ven.;1;0;;;0;16744576;5;
195;195;119;GPR;GPR;Gestión de la Prevención;1;0;;;0;65280;5;
196;196;394;GRE;GRE;GENERACIÓN Y RECUPERACIÓN DE ENERGÍA;1;0;;;0;65280;4;
197;197;120;GRH;GRH;Gestión de recursos humanos;1;0;;;0;57088;5;
198;198;121;GTL;GTL;Gestión adm. del tra. y la log;1;0;;;0;48896;5;
199;199;331;HCM;HCM;Horas complementarias minoradas por dedicación parcial;1;1;;;0;4210943;5;
200;200;321;HLM;HLM;Horas lectivas minoradas por dedicación parcial (Sindical, lactancia,...);1;1;;;0;16744703;5;
201;201;484;HS;HS;Habilidades sociales;1;0;;;0;16736352;4;
202;202;122;IAG;IAG;Instalaciones de Agua y Gas;1;0;;;0;40704;5;
203;203;123;IAM;IAM;Instalac. y Acabado en Carpint;1;0;;;0;2105599;5;
204;204;124;IC;IC;Investigación comercial;1;0;;;0;4210943;5;
205;205;125;ICV;ICV;Inst. Climat. y Ventilación;1;0;;;0;6316287;5;
206;206;126;IEA;IEA;Inst. Eléct. y Autom.;1;0;;;0;8421631;5;
207;207;365;IEAU;IEAUT;INST. ELÉCTRICAS Y AUTOMÁTICAS;1;0;;;0;8454143;4;
208;208;127;IEAUT;IEAUT;Inst. eléctricas y automáticas;1;0;;;0;16776960;5;
209;209;128;IFR;IFR;Instalaciones Frigoríficas;1;0;;;0;16777024;5;
210;210;129;IG;IG;Inter. gráfica;1;0;;;0;16777088;5;
211;211;359;IMSC;;INSTALACION Y MANT. DE SANITARIOS Y CL.;1;0;;;0;16776960;4;
212;212;130;IMSEC;IMSEC;Inst. mant. sanit. elem clim.;1;0;;;0;16777152;5;
213;213;131;INC;INC;Investigación Comercial;1;0;;;0;65535;5;
214;214;132;ING;ING;Inglés;1;0;;;0;4259839;5;
215;215;140;IP;IP;Inglés Profesional;1;0;;;0;16736352;5;
216;216;133;IPC;IPC;Inst. Prod. Calor;1;0;;;0;8454143;5;
217;217;97;IPEI;IPEI;Intinerario para la Empleabilidad I;1;0;;;0;57088;5;
218;218;134;IS;IS;Integración de sistemas;1;0;;;0;12648447;5;
219;219;332;ITI;ITI;Compensación por Itinerancia;1;1;;;0;6316287;5;
220;220;358;ITT;;INSTALACION DE TUBERIAS;1;0;;;0;8421631;4;
221;221;135;ITU;ITU;Instalación de tuberías;1;0;;;0;16711935;5;
222;222;136;JAR;JAR;Juegos y Activ.Físicas Recreat;1;0;;;0;16728319;5;
223;223;312;JD;JD;Jefatura de Departamento;1;1;;;0;16777024;5;
224;224;319;JE;JE;Jefatura de Estudios;1;1;;;0;16711935;5;
225;225;137;LA;LA;Logística de almacenamiento;1;0;;;0;16744703;5;
226;226;403;LAL;LAL;LOGÍSTICA DE ALMACENAMIENTO;1;0;;;0;16777024;4;
227;227;379;LAP;LAP;LOGÍSTICA DE APROVISIONAMIENTO;1;0;;;0;16776960;4;
228;228;138;LEFR;LEFR;Leng. Extr.: Francés;1;0;;;0;16719904;5;
229;229;139;LEIN;LEIN;Leng Extr: Inglés;1;0;;;0;16728128;5;
230;230;366;LMSG;LMSGI;LENG. MAR. SIST. GES. INF.;1;0;;;0;12648447;4;
231;231;141;LMSGI;LMSGI;Leng. mar. sist. ges. inf.;1;0;;;0;16744576;5;
232;232;142;LOC;LOC;Logística Comercial;1;0;;;0;65280;5;
233;233;449;LPS;LPS;Lanzamiento de productos y servicios;1;0;;;0;16777088;4;
234;234;313;M5012;;Metrología e intrumentación inteligente;1;0;;;0;40704;4;
235;235;421;M5032;;Estrategias del mantenimiento industrial;1;0;;;0;2105599;4;
236;236;422;M5033;;Seguridad en el mantenimiento industrial;1;0;;;0;4210943;4;
237;237;423;M5034;;Monitorización de maquinaria, sistemas y equipos;1;0;;;0;6316287;4;
238;238;424;M5035;;Sistemas avanzados de ayuda al mantenimiento;1;0;;;0;8421631;4;
239;239;143;MAC;MAC;Marketing actividad comercial;1;0;;;0;57088;5;
240;240;426;MAT;MAT;Materiales en Carpintería y Mueble;1;0;;;0;16777024;4;
241;241;434;MCC;MCC;Maniobras con cuerdas;1;0;;;0;16728319;4;
242;242;144;MCM;MCM;Montaje de carp. y mueble;1;0;;;0;48896;5;
243;243;145;MCN;MCN;Mecan. contr. numér.;1;0;;;0;40704;5;
244;244;146;MCNCM;MCNCM;Meca. por c.n en car. y mue.;1;0;;;0;2105599;5;
245;245;344;MCNZ;;MECANIZADO;1;0;;;0;40704;4;
246;246;147;MCNZD;MCNZD;Mecanizado;1;0;;;0;4210943;5;
247;247;377;MCYM;;MATERIALES EN CARPINTERÍA Y MUEBLE;1;0;;;0;16728319;4;
248;248;148;MD;MD;Marketing digital;1;0;;;0;6316287;5;
249;249;149;MDF;MDF;Metod. Didáct. Activ. Fís.-Dep;1;0;;;0;8421631;5;
250;250;150;ME;ME;Metrol. y ensayos;1;0;;;0;16776960;5;
251;251;402;MEAFD;MEAFD;METODOLOGÍA DE LA ENSEÑANZA ACT. FIS. DEP.;1;0;;;0;16776960;4;
252;252;345;MEE;;METROLOGIA Y ENSAYOS;1;0;;;0;40704;4;
253;253;151;MEF;MEF;Máq. y Equipos Frigoríficos;1;0;;;0;16777024;5;
254;254;152;MEFM;MEFM;Mater. Empleados en Fabr. Mec.;1;0;;;0;16777088;5;
255;255;413;MEIP;MEIP;MANTENIMIENTO ELECTROMECÁNICO EN INDUSTRIAS DE PROCESO;1;0;;;0;16719904;4;
256;256;367;METE;METER;MÁQUINAS Y EQUIPOS TÉRMICOS;1;0;;;0;16711935;4;
257;257;153;METER;METER;Máquinas y equipos térmicos;1;0;;;0;16777152;5;
258;258;154;MI;MI;Marketing internacional;1;0;;;0;65535;5;
259;259;375;MIEC;MIECM;MONT. INST. ELEMENTOS CARP.;1;0;;;0;40704;4;
260;260;155;MIECM;MIECM;Mont. inst. elementos carp.;1;0;;;0;4259839;5;
261;261;428;MII;MII;Metrología e intrumentación inteligente;1;0;;;0;16777152;4;
262;262;156;MIN;MIN;Márketing Internacional;1;0;;;0;8454143;5;
263;263;157;MMD;MMD;Mec. madera y derivados;1;0;;;0;12648447;5;
264;264;158;MME;MME;Mont. y Mant. Eléct.;1;0;;;0;16711935;5;
265;265;159;MMEE;MMEE;Montaje y man. eléc. electro.;1;0;;;0;16728319;5;
266;266;160;MMERC;MMERC;Mont. mant. equip. refr. comer;1;0;;;0;16744703;5;
267;267;161;MMH;MMH;Montaje Mantenim. Sist. Hidr.;1;0;;;0;16744576;5;
268;268;162;MMICV;MMICV;M. mant. inst. clim. vent. ex;1;0;;;0;16728128;5;
269;269;163;MMIFI;MMIFI;Mont. mant. inst. frig. indust;1;0;;;0;16736352;5;
270;270;164;MMLA;MMLA;Montaje y mant. de líne. auto.;1;0;;;0;16744576;5;
271;271;165;MMM;MMM;Mont. y Mant. Mec.;1;0;;;0;65280;5;
272;272;166;MMS;MMS;Mater. y Metalurgia Soldadura;1;0;;;0;57088;5;
273;273;167;MMSE;MMSE;Monitorización de maquinaria, sistemas y equipos;1;0;;;0;48896;5;
274;274;429;MMSE2;MMSE2;Monitorización de maquinaria, sistemas y equipos;1;0;;;0;65535;4;
275;275;168;MMSM;MMSM;Mont. y Mant. Sist. Mec.;1;0;;;0;40704;5;
276;276;169;MMU;MMU;Matrices, Moldes y Utillajes;1;0;;;0;2105599;5;
277;277;170;MOM;MOM;Mont. Const. Metál.;1;0;;;0;4210943;5;
278;278;171;MON;MON;Montaje;1;0;;;0;6316287;5;
279;279;172;MPI;MPI;Medios de Pago Internacional;1;0;;;0;8421631;5;
280;280;173;MPIM;MPIM;Mater. y Prod. en Ind. Madera;1;0;;;0;16776960;5;
281;281;174;MPV;MPV;Marketing en el Punto de Venta;1;0;;;0;16777024;5;
282;282;175;MSA;MSA;Montaje Mantenim. Sist. Prod.;1;0;;;0;16777088;5;
283;283;457;MSC;MSC;Medios y soportes de comunicación;1;0;;;0;16728319;4;
284;284;176;NI;NI;Negociación internacional;1;0;;;0;16777152;5;
285;285;177;NIN;NIN;Negociación Internacional;1;0;;;0;65535;5;
286;286;390;OAA;;Operaciones auxiliares de almacenaje;1;0;;;0;16719904;4;
287;287;178;OACV;OACV;Oper. adm. compra-venta;1;0;;;0;4259839;5;
288;288;179;OAGT;OAGT;Op. aux. gestión tesorería;1;0;;;0;8454143;5;
289;289;180;OARHU;OARHU;Op. adm. recursos humanos;1;0;;;0;12648447;5;
290;290;488;OATL;OATL;Actividades de Ocio y Tiempo Libre;1;0;;;0;2105599;4;
291;291;181;OBC;OBC;Operac. básicas de carpintería;1;0;;;0;16711935;5;
292;292;378;OBCA;;OPERACIONES BÁSICAS EN CARPINTERÍA;1;0;;;0;16744703;4;
293;293;395;OBIQ;OBIQ;OPERACIONES BÁSICAS EN LA INDUSTRIA QUÍMICA;1;0;;;0;57088;4;
294;294;182;OBM;OBM;Operac. básicas de mobiliario;1;0;;;0;16728319;5;
295;295;183;OBMC;OBMC;Operac. Básicas Mecaniz. Carp.;1;0;;;0;16744703;5;
296;296;184;OEV;OEV;Organización de equi. de ven.;1;0;;;0;16719904;5;
297;297;185;OF;OF;Op. de fabricación;1;0;;;0;16728128;5;
298;298;410;OGIQ;OGIQ;ORGANIZACIÓN Y GESTIÓN DE LAS INDUSTRIAS QUÍMICAS;1;0;;;0;16711935;4;
299;299;186;OGP;OGP;Organiz. Protección Ambiental;1;0;;;0;16736352;5;
300;300;417;OI;OI;Organización de itinerarios;1;0;;;0;65280;4;
301;301;187;OM;OM;Op. de montaje;1;0;;;0;16744576;5;
302;302;188;OPA;OPA;Operaciones de Almacenaje;1;0;;;0;65280;5;
303;303;302;OPGA;OPGA;Otras Actividades establecidas PGA;1;1;;;0;16744576;5;
304;304;189;OPI;OPI;Ofimática y proc. de la infor.;1;0;;;0;57088;5;
305;305;190;OPV;OPV;Operaciones de Venta;1;0;;;0;48896;5;
306;306;191;OSCE;OSCE;Orientación sociol. cons. emp.;1;0;;;0;40704;5;
307;307;192;OTM;OTM;Organi. del trans. de mercan.;1;0;;;0;8421631;5;
308;308;193;OTV;OTV;Organi. del trans. de viajeros;1;0;;;0;16761087;5;
309;309;477;PA;PA;Primeros auxilios;1;0;;;0;8454143;4;
310;310;315;PAC;PAC;Coord./Direc. Proy. Apertura Centros;1;1;;;0;65535;5;
311;311;194;PAF;PAF;Proy. admin. y finanzas;1;0;;;0;6316287;5;
312;312;485;PAF2;PAF2;Proyecto de Acondicionamiento Físico;1;0;;;0;16744576;4;
313;313;405;PAS;PAS;PLANIFICACIÓN DE LA ANIMACIÓN SOCIODEPORTIVA;1;0;;;0;16777152;4;
314;314;195;PCI;PCI;Proyecto comercio internacial;1;0;;;0;8421631;5;
315;315;196;PCM;PCM;Desarr. Proy. en Const. Metál.;1;0;;;0;16776960;5;
316;316;356;PCNM;;PROYECTO DE CONSTRUCCIONES MET.;1;0;;;0;4210943;4;
317;317;197;PCNME;PCNME;Proy. const. metálicas;1;0;;;0;16777024;5;
318;318;440;PDAM;PDAM;Proyecto de desarrollo de aplicaciones multiplataforma;1;0;;;0;65280;4;
319;319;198;PDAW;PDAW;Proy. des. aplicac. web;1;0;;;0;16777088;5;
320;320;369;PDPM;PDPME;PROY. DIS. PROD. MECÁNICA;1;0;;;0;16719904;4;
321;321;199;PDPME;PDPME;Proy. dis. prod. mecán.;1;0;;;0;16777152;5;
322;322;409;PEAS;PEAS;PROYECTO ENSEÑANZA Y ANIMACIÓN SOCIODEPORTIVA;1;0;;;0;12648447;4;
323;323;468;PEASI;PEASI;Proyecto Intermodular 1afd301;1;0;;;0;4210943;4;
324;324;200;PEM;PEM;Proyecto Empresarial;1;0;;;0;65535;5;
325;325;201;PF;PF;Procesos de fabricación;1;0;;;0;4259839;5;
326;326;202;PFAMC;PFAMC;Proy. fab. prod. mecan.;1;0;;;0;8454143;5;
327;327;203;PFME;PFME;Proy. Fabr. Mec.;1;0;;;0;12648447;5;
328;328;204;PFS;PFS;Prod. y Serv. Financ. y Seg.;1;0;;;0;16711935;5;
329;329;205;PGA;PGA;Principio Gest. Admin. Púb.;1;0;;;0;16728319;5;
330;330;206;PGM;PGM;Proc. y Gest. Mant.;1;0;;;0;16744703;5;
331;331;207;PGMC;PGMC;Proc. gest. mant. calidad;1;0;;;0;16719904;5;
332;332;208;PGT;PGT;Planif. Explot.Transp. Terrest;1;0;;;0;16728128;5;
333;333;209;PGVEC;PGVEC;Proy. de ges. ven. esp. com.;1;0;;;0;16736352;5;
334;334;210;PIAC;PIAC;Proc. Intr. de la acti. comer.;1;0;;;0;16744576;5;
335;335;460;PIACI;PIACI;Proyecto Intermodular 1com101;1;0;;;0;16728128;4;
336;336;469;PIADFI;PIADFI;Proyecto Intermodular 1adg301;1;0;;;0;6316287;4;
337;337;471;PIAFI;PIAFI;Proyecto Intermodular 1vafd302;1;0;;;0;16776960;4;
338;338;211;PIC;PIC;Proy. Inst. Carp. y Mueble;1;0;;;0;65280;5;
339;339;472;PICII;PICII;Proyecto Intermodular 1com301;1;0;;;0;16777024;4;
340;340;464;PICMI;PICMI;Proyecto Intermudular 1fme301;1;0;;;0;57088;4;
341;341;474;PIDFI;PIDFI;Proyecto Intermodular 1f,me302;1;0;;;0;16777152;4;
342;342;473;PIDMI;PIDMI;Proyecto Intermodular 1vifc302;1;0;;;0;16777088;4;
343;343;465;PIDWI;PIDWI;Proyecto Intermodular 1ifc303;1;0;;;0;48896;4;
344;344;475;PIFMI;PIFMI;Proyecto Intermodular 1fme304;1;0;;;0;65535;4;
345;345;470;PIFMSI;PIFMSI;Proyecto Intermodular 1ssc306;1;0;;;0;8421631;4;
346;346;461;PIGVI;PIGVI;Proyecto Intermudular 1vcom302;1;0;;;0;16736352;4;
347;347;459;PII;PII;Proyecto intermodular GM;1;0;;;0;16719904;4;
348;348;489;PIII;PIII;Proyecto intermodular ima204 (frio);1;0;;;0;40704;4;
349;349;212;PIM;PIM;Proc. en Ind. Madera;1;0;;;0;57088;5;
350;350;466;PIMII;PIMII;Proyecto Intermodular 1ima302;1;0;;;0;40704;4;
351;351;462;PIMPI;PIMPI;Proyecto Intermodular 1vcom304;1;0;;;0;16744576;4;
352;352;414;PIPQ;PIPQ;PROYECTO DE INDUSTRIAS DE PROCESO QUÍMICO;1;0;;;0;16728128;4;
353;353;467;PIPQI;PIPQI;Proyecto Intermodular 1qui304;1;0;;;0;2105599;4;
354;354;463;PITLI;PITLI;Proyecto Intermodular 1com303;1;0;;;0;65280;4;
355;355;213;PLE;PLE;Program. Leng. Estructurados;1;0;;;0;48896;5;
356;356;214;PM;PM;Proc. mec. cor. con. cons. met;1;0;;;0;40704;5;
357;357;215;PMC;PMC;Program. Máq. Control Numérico;1;0;;;0;2105599;5;
358;358;289;PMCA;PMCA;Preparación mat. curric. apoyo (DO/UO);1;1;;;0;16777024;5;
359;359;346;PMCC;;PROCESOS MECANIZADO, CORTE Y CONFORMADO;1;0;;;0;48896;4;
360;360;439;PMDM;PMDM;Programación multimedia y dispositivos móviles;1;0;;;0;16744576;4;
361;361;216;PME;PME;Procedimientos de Mecanizado;1;0;;;0;4210943;5;
362;362;217;PMEI;PMEI;Proy. Modif. Equipo Ind.;1;0;;;0;6316287;5;
363;363;218;PMI;PMI;Proy. mecatrónica industrial;1;0;;;0;8421631;5;
364;364;452;PMP;PMP;Proyecto de marketing y publicidad;1;0;;;0;4259839;4;
365;365;349;PMUC;;;1;0;;;0;8421631;4;
366;366;445;PMV;PMV;Programación y motores de videojuegos;1;0;;;0;4210943;4;
367;367;219;POM;POM;Políticas de Márketing;1;0;;;0;16776960;5;
368;368;304;PP;PP;Preparación de prácticas / modelos;1;1;;;0;57088;5;
369;369;220;PPFM;PPFM;Prog. Prod. en Fabr. Mec.;1;0;;;0;16777024;5;
370;370;221;PPM;PPM;Prep. Prog. Máq. Fabr. Mec.;1;0;;;0;16777088;5;
371;371;222;PPR;PPR;Programación producción;1;0;;;0;16777152;5;
372;372;385;PPVP;;Preparación de pedidos y venta de productos;1;0;;;0;8454143;4;
373;373;444;PRIA;PRIA;Programación en red e inteligencia artificial;1;0;;;0;2105599;4;
374;374;396;PRIQ;PRIQ;PREVENCIÓN DE RIESGOS EN INDUSTRIAS QUÍMICAS;1;0;;;0;48896;4;
375;375;384;PRL;PRL;Prevención de riesgos laborales;1;0;;;0;4259839;4;
376;376;368;PROG;PROGR;PROGRAMACIÓN;1;0;;;0;16744703;4;
377;377;223;PROGR;PROGR;Programación;1;0;;;0;65535;5;
378;378;224;PRT;PRT;Prev. Riesgos Carga Trabajo;1;0;;;0;4259839;5;
379;379;225;PSAF;PSAF;Prog. sist. autom. fabr. mec.;1;0;;;0;8454143;5;
380;380;226;PSCM;PSCM;Planes Segur. Ind.Const.Metál.;1;0;;;0;12648447;5;
381;381;227;PSE;PSE;Planes Segur. Mantenim.Equipos;1;0;;;0;16711935;5;
382;382;228;PSFM;PSFM;Planes Segur. Ind. Fabr. Mec.;1;0;;;0;16728319;5;
383;383;438;PSPR;PSPR;Programación de servicios y procesos;1;0;;;0;16736352;4;
384;384;229;PTL;PTL;Proyecto de transporte y logí.;1;0;;;0;16744703;5;
385;385;357;PUMC;;PROCESOS DE UNIÓN Y MONTAJE EN C.M.;1;0;;;0;6316287;4;
386;386;230;PUMCM;PUMCM;Proc. un. mont. cons. met.;1;0;;;0;16719904;5;
387;387;231;PVE;PVE;Procesos de venta;1;0;;;0;16728128;5;
388;388;232;RA;RA;Reproducción y archivo;1;0;;;0;16736352;5;
389;389;376;RCC;;REUNIÓN COMISIÓN CONVIVENCIA;1;1;;;0;4210943;4;
390;390;336;RCCP;RCCP;Reunión CCP (JD);1;1;;;0;16777088;5;
391;391;233;RCD;RCD;Reprod. y Conf. Documentos;1;0;;;0;16744576;5;
392;392;328;RCE;RCE;Representante en Consejo Escolar;1;1;;;0;48896;5;
393;393;425;RCECO;;Reunión de Comisión Económica;1;0;;;0;16776960;4;
394;394;234;RCM;RCM;Repres. en Const. Metál.;1;0;;;0;65280;5;
395;395;329;RCP;RCP;Representante en CPR;1;1;;;0;40704;5;
396;396;412;RCPQ;RCPQ;REGULACIÓN Y CONTROL DE PROCESO QUÍMICO;1;0;;;0;16744703;4;
397;397;235;RCS;RCS;Riesgos Condiciones Seguridad;1;0;;;0;57088;5;
398;398;296;RCT;RCT;Reunión de coordinación de tutores;1;1;;;0;16711935;5;
399;399;323;RD;RD;Reunión de Departamento;1;1;;;0;16728128;5;
400;400;308;REC;REC;Recup. materias pendientes/módulos no superados;1;1;;;0;4210943;5;
401;401;324;RED;RED;Reunión de Equipos docentes;1;1;;;0;16736352;5;
402;402;340;REQT;;RELACIONES EN EL EQUIPO DE TRABAJO;1;0;;;0;57088;4;
403;403;236;RET;RET;Relación Entorno/Equipo Trab.;1;0;;;0;48896;5;
404;404;237;RFA;RFA;Riesgos Físicos Ambientales;1;0;;;0;40704;5;
405;405;347;RGCM;;REPRESENTACIÓN GRÁFICA EN CM;1;0;;;0;4210943;4;
406;406;238;RGF;RGF;Repres. gráf. en fabr. mec.;1;0;;;0;2105599;5;
407;407;239;RGM;RGM;Repres. Gráf. en Máq.;1;0;;;0;4210943;5;
408;408;240;RGSM;RGSM;Repr. gráf. sist. mecatrónicos;1;0;;;0;6316287;5;
409;409;241;RHRSC;RHRSC;Rec. hum. y resp. soc. corp.;1;0;;;0;8421631;5;
410;410;242;RHU;RHU;Recursos Humanos;1;0;;;0;16776960;5;
411;411;291;RJP;RJP;Reunión de Junta de Profesores;1;1;;;0;16777152;5;
412;412;448;RPOEM;RPOEM;Relaciones públicas y organización de eventos de marketing;1;0;;;0;16777024;4;
413;413;411;RQ;RQ;REACTORES QUÍMICOS;1;0;;;0;16728319;4;
414;414;243;RQB;RQB;Riesgos Químicos/Biológicos;1;0;;;0;16777024;5;
415;415;446;RVRA;RVRA;Realidad virtual y realidad aumentada;1;0;;;0;6316287;4;
416;416;320;S;S;Secretaría;1;1;;;0;16728319;5;
417;417;244;SA;SA;Sist. automatizados;1;0;;;0;16777088;5;
418;418;431;SAAM;SAAM;Sistemas avanzados de ayuda al mantenimiento;1;0;;;0;8454143;4;
419;419;245;SAC;SAC;Servicios de atención comer.;1;0;;;0;16777152;5;
420;420;246;SAF;SAF;Sist. Aux. Fabr. Mec.;1;0;;;0;65535;5;
421;421;247;SAN;SAN;Soldadura atmósf. natural;1;0;;;0;4259839;5;
422;422;248;SAP;SAP;Soldadura en Atmósf. Protegida;1;0;;;0;8454143;5;
423;423;399;SASP;SASP;Sostenibilidad aplicada al SP;1;0;;;0;16728319;4;
424;424;249;SCM;SCM;Soluciones en Construc. Metál.;1;0;;;0;12648447;5;
425;425;250;SE;SE;Simulación empresarial;1;0;;;0;16711935;5;
426;426;251;SEA;SEA;Operac. Básicas Soldad. Eléct.;1;0;;;0;16728319;5;
427;427;252;SEE;SEE;Sis. eléctricos y electrónicos;1;0;;;0;16744703;5;
428;428;478;SEV;SEV;Seguridad vial;1;0;;;0;12648447;4;
429;429;441;SGEM;SGEM;Sistema de gestión empresarial;1;0;;;0;57088;4;
430;430;253;SHN;SHN;Sist. hidráulicos y neumáticos;1;0;;;0;16744576;5;
431;431;254;SICM;SICM;Seguridad Indust. Const. Met.;1;0;;;0;16728128;5;
432;432;255;SIF;SIF;Seg. en las Ind. Fabr. Mec.;1;0;;;0;16736352;5;
433;433;256;SIM;SIM;Seg. en Ind. Maderas;1;0;;;0;16744576;5;
434;434;380;SIMC;SIMC;Sistemas de inf. de mercados;1;0;;;0;16777024;4;
435;435;257;SIMR;SIMR;Sist.Inform.Multiusu. y en Red;1;0;;;0;65280;5;
436;436;370;SISI;SISIN;SISTEMAS INFORMÁTICOS;1;0;;;0;16761087;4;
437;437;258;SISIN;SISIN;Sistemas informáticos;1;0;;;0;57088;5;
438;438;259;SM;SM;Sistemas mecánicos;1;0;;;0;48896;5;
439;439;260;SME;SME;Segur. Mont. y Manten. Equipos;1;0;;;0;40704;5;
440;440;430;SMI;SMI;Seguridad en el mantenimiento industrial;1;0;;;0;4259839;4;
441;441;435;SMN;SMN;Socorrismo en el medio natural;1;0;;;0;16744703;4;
442;442;261;SOL;SOL;Soluciones constructivas;1;0;;;0;2105599;5;
443;443;262;SOX;SOX;Soldadura Oxiacetilenica;1;0;;;0;4210943;5;
444;444;263;SQH;SQH;Seg., Quím. e Hig. Ind.;1;0;;;0;6316287;5;
445;445;264;SSM;SSM;Simulación sist. mecatrónicos;1;0;;;0;8421631;5;
446;446;265;STT;STT;Org. Serv. Transp. Terrestre;1;0;;;0;16776960;5;
447;447;266;TA;TA;Técnicas de almacén;1;0;;;0;16777024;5;
448;448;267;TABO;TABO;Téc. adm. básicas de oficina;1;0;;;0;16777088;5;
449;449;480;TBA;TBA;Tecnología básica del automóvil;1;0;;;0;16728319;4;
450;450;301;TBCHL;TBCHL;Tutoría BACH-CCFF en horario lectivo;1;1;;;0;16736352;5;
451;451;386;TBM;;Técnicas básicas de merchandising;1;0;;;0;12648447;4;
452;452;479;TC;TC;Técnicas de conducción;1;0;;;0;16711935;4;
453;453;268;TCC;TCC;Traz. corte y conform.;1;0;;;0;16777152;5;
454;454;450;TCIC;TCIC;Trabajo de campo en la investigación comercial;1;0;;;0;16777152;4;
455;455;269;TCM;TCM;Trazado en Construc. Metálicas;1;0;;;0;65535;5;
456;456;306;TCMD;TCMD;Tutoría colectiva módulo distancia;1;1;;;0;40704;5;
457;457;270;TCP;TCP;Técn. Com. y Atenc. Al Púb.;1;0;;;0;4259839;5;
458;458;314;TCT;TCT;Tutoría de FCT;1;1;;;0;16777152;5;
459;459;481;TCVTC;TCVTC;Tráfico, circulación de vehículos y trasnporte por carretera;1;0;;;0;16744703;4;
460;460;271;TDCON;TDCON;Tratam. documentación contable;1;0;;;0;8454143;5;
461;461;418;TE;TE;Técnicas de equitación;1;0;;;0;57088;4;
462;462;372;TECO;TECON;TÉCNICA CONTABLE;1;0;;;0;16744576;4;
463;463;272;TECON;TECON;Técnica contable;1;0;;;0;12648447;5;
464;464;273;TEO;TEO;Técn. Elementales Oficina;1;0;;;0;16711935;5;
465;465;274;TFA;TFA;Técnicas de fabricación;1;0;;;0;16728319;5;
466;466;275;TFME;TFME;Técn. Fabr. Mec.;1;0;;;0;16744703;5;
467;467;276;TFMM;TFMM;Técn. Fabr. para Mant. y Mont.;1;0;;;0;16719904;5;
468;468;486;TH;TH;Técnicas de Hidroginesia;1;0;;;0;65280;4;
469;469;316;TIC;TIC;Coord./Direc. Proy. NNTT;1;1;;;0;4259839;5;
470;470;277;TICE;TICE;Tec. Infor. Comun. en Empresa;1;0;;;0;16728128;5;
471;471;391;TID;;Tratamiento informático de datos;1;0;;;0;16728128;4;
472;472;373;TIIN;TIINF;TRAT. INFORM. INFORMACIÓN;1;0;;;0;65280;4;
473;473;278;TIINF;TIINF;Trat. inform. información;1;0;;;0;16736352;5;
474;474;279;TIM;TIM;Transp. internac. mercancías;1;0;;;0;16744576;5;
475;475;305;TIMD;TIMD;Tutoría individual módulo distancia;1;1;;;0;48896;5;
476;476;371;TMIN;TMINS;TEC. MONTAJE DE INSTALACIONES;1;0;;;0;16736352;4;
477;477;280;TMINS;TMINS;Téc. montaje de instalaciones;1;0;;;0;65280;5;
478;478;281;TMM;TMM;Técnicas Mecanizado Mantenim.;1;0;;;0;57088;5;
479;479;282;TMU;TMU;Técn. Mecaniz.Manten.Instalac.;1;0;;;0;48896;5;
480;480;419;TN;TN;Técnicas de natación;1;0;;;0;48896;4;
481;481;290;TPMT2;TPMT2;Tutoría con padres, madres o tutores legales;1;1;;;0;16777088;5;
482;482;397;TSF;TSF;TRANSPORTE DE SÓLIDOS Y FLUIDOS;1;0;;;0;40704;4;
483;483;420;TTL;TTL;Técnicas de tiempo libre;1;0;;;0;40704;4;
484;484;283;TUM;TUM;Técnicas de unión y montaje;1;0;;;0;40704;5;
485;485;284;TUT;TUT;Tutoría;1;0;;;0;2105599;5;
486;486;285;TVN;TVN;Técnicas de ventas y negocia.;1;0;;;0;4210943;5;
487;487;456;VCFIA;VCFIA;Valoración de la condición física e intervención en accidentes;1;0;;;0;16728319;4;
488;488;354;VPRO;;VERIFICACIÓN DE PRODUCTOS;1;0;;;0;40704;4;
489;489;286;VPROD;VPROD;Verificación de productos;1;0;;;0;6316287;5;
490;490;287;VT;VT;Venta técnica;1;0;;;0;8421631;5;
