ASIG;PROF;CODGRUPO;TURNO;NIVEL;CURSO;GRUPO;AULA;TAREA;DIA;HORA;SESIONES;MARCO;CCONCIERTO;NALUM;
DASP;OF12;1FME301;M;CFGS;1º;1;OT3;;2;2;1;0;;0;
DASP;MM02;1FME304;M;CFGS;1º;1;OT3;;1;3;1;0;;0;
DASP;EF9;1AFD201;M;CFGM;1º;1;A307;;5;1;1;0;;0;
DASP;OGC1;1VCOM304;V;CFGS;1º;1;A312;;2;11;1;0;;0;
DASP;SOL6;1VFME301;V;CFGS;1º;2;OT3;;1;11;1;0;;0;
PII;MM23;1IMA201;M;CFGM;1º;1;A306;;5;1;1;0;;0;
SASP;PGA4;1ADG301;M;CFGS;1º;1;A202;;2;1;1;0;;0;
SASP;EF9;1AFD301;M;CFGS;1º;1;A304;;5;5;1;0;;0;
PIMII;MM22;1VIMA302;V;CFGS;1º;2;LENS;;1;13;1;0;;0;
PIFMI;OF04;1FME302;M;CFGS;1º;1;OT2;;1;6;1;0;;0;
TCC;SOL8;1FME203;M;CFGM;1º;1;ATSO;;1;6;1;0;;0;
PIDWI;SAI4;1VIFC303;V;CFGS;1º;1;A306;;5;9;1;0;;0;
SASP;IE1;1VIMA302;V;CFGS;1º;2;TELE;;3;12;1;0;;0;
PIADFI;PGA5;1ADG301;M;CFGS;1º;1;A202;;2;4;1;0;;0;
TSF;OP1;1QUI304;M;CFGS;1º;1;LINS;;5;6;1;0;;0;
AFDI;EF5;1AFD301;M;CFGS;1º;1;CDM;;3;6;1;0;;0;
SASP;SOL2;1FME203;M;CFGM;1º;1;ATSO;;5;3;1;0;;0;
DASP;MM03;1FME202;M;CFGM;1º;1;LNEU;;5;6;1;0;;0;
PAF;EF4;2VAFD302;V;CFGS;2º;1;A002;;2;10;1;0;;0;
SASP;EF9;1AFD201;M;CFGM;1º;1;A002;;4;1;1;0;;0;
SASP;INF5;1IFC303;M;CFGS;1º;1;A204;;4;6;1;0;;0;
PIMPI;OGC1;1VCOM304;V;CFGS;1º;1;A312;;3;9;1;0;;0;
SASP;SAI4;1VIFC303;V;CFGS;1º;1;A306;;4;11;1;0;;0;
PIAFI;EF10;1VAFD302;V;CFGS;1º;1;APOL;;1;12;1;0;;0;
PII;EF6;1AFD201;M;CFGM;1º;1;APOL;;2;1;1;0;;0;
PIFMI;MM02;1FME304;M;CFGS;1º;1;LINS;;2;5;1;0;;0;
SASP;SOL3;1VFME203;V;CFGM;1º;2;A002;;3;11;1;0;;0;
TFME;MM02;1FME302;M;CFGS;1º;1;ATME;;5;4;1;0;;0;
DG;EF2;1AFD301;M;CFGS;1º;1;POL1;;1;1;1;0;;0;
PRL;PC8;1COM101;M;FPB;1º;1;A001;;2;3;1;0;;0;
SASP;OGC9;1COM201;M;CFGM;1º;1;A311;;2;5;1;0;;0;
SASP;OF12;1FME301;M;CFGS;1º;1;OT3;;2;1;1;0;;0;
PEAS;EF2;2AFD301;M;CFGS;2º;1;APOL;;3;6;1;0;;0;
TCC;SOL6;1VFME203;V;CFGM;1º;2;ATSO;;4;8;1;0;;0;
DASP;PGA5;1ADG301;M;CFGS;1º;1;A202;;3;3;1;0;;0;
AAPQ;OP1;1QUI304;M;CFGS;1º;1;LINS;;1;6;1;0;;0;
DASP;SAI5;1VIFC302;V;CFGS;1º;2;A204;;1;12;1;0;;0;
OI;EF3;1AFD201;M;CFGM;1º;1;A307;;3;1;1;0;;0;
DASP;SAI5;1VIFC303;V;CFGS;1º;1;A306;;5;8;1;0;;0;
FPM;OP1;1QUI304;M;CFGS;1º;1;A206;;2;3;1;0;;0;
PF;MM24;1VIMA302;V;CFGS;1º;2;ATME;;5;13;1;0;;0;
PII;MM21;1FME202;M;CFGM;1º;1;LNEU;;1;1;1;0;;0;
SASP;INF2;1VIFC302;V;CFGS;1º;2;A204;;2;8;1;0;;0;
DASP;OF01;1FME302;M;CFGS;1º;1;LINS;;1;3;1;0;;0;
PCNME;OF02;2FME301;M;CFGS;2º;1;OT3;;4;3;1;0;;0;
DASP;AQI3;1QUI304;M;CFGS;1º;1;A306;;5;2;1;0;;0;
SASP;OGC9;1COM301;M;CFGS;1º;1;A314;;2;1;1;0;;0;
PF;MM22;1IMA302;M;CFGS;1º;1;ATME;;4;4;1;0;;0;
SASP;OF04;1FME302;M;CFGS;1º;1;OT3;;2;4;1;0;;0;
PII;SOL6;1VFME203;V;CFGM;1º;2;LENS;;4;9;1;0;;0;
PCNME;OF06;2VFME301;V;CFGS;2;2;OT1;;1;11;1;0;;0;
DASP;MM24;1VIMA302;V;CFGS;1º;2;OT3;;4;13;1;0;;0;
TUT;PC8;1COM101;M;FPB;1º;1;A001;;3;4;1;0;;0;
DASP;PGA4;1ADG201;M;CFGM;1º;1;A203;;3;5;1;0;;0;
DASP;OGC11;1VCOM302;V;CFGS;1º;1;A314;;2;8;1;0;;0;
DASP;EF9;1AFD301;M;CFGS;1º;1;A306;;2;4;1;0;;0;
SASP;OF07;1IMA302;M;CFGS;1º;1;LINS;;3;1;1;0;;0;
SASP;MM02;1FME304;M;CFGS;1º;1;LINS;;4;4;1;0;;0;
SASP;MM23;1IMA201;M;CFGM;1º;1;A307;;2;3;1;0;;0;
DASP;SOL6;1VFME203;V;CFGM;1º;2;OT3;;2;13;1;0;;0;
PIACI;PC8;1COM101;M;FPB;1º;1;A001;;2;6;1;0;;0;
DASP;MM23;1IMA201;M;CFGM;1º;1;A306;;2;6;1;0;;0;
PDPME;OF03;2FME302;M;CFGS;2º;1;A003;;1;2;1;0;;0;
PIPQI;AQI1;1QUI304;M;CFGS;1º;1;A207;;5;3;1;0;;0;
PIGVI;OGC10;1VCOM302;V;CFGS;1º;1;A314;;4;8;1;0;;0;
PMP;PC4;2VCOM304;V;CFGS;2º;1;A310;;4;13;1;0;;0;
PEASI;EF9;1AFD301;M;CFGS;1º;1;A307;;5;6;1;0;;0;
PICMI;OF12;1FME301;M;CFGS;1º;1;OT1;;4;6;1;0;;0;
SASP;AQI1;1QUI304;M;CFGS;1º;1;A207;;5;1;1;0;;0;
SASP;EF11;1VAFD302;V;CFGS;1º;1;A002;;2;11;1;0;;0;
SASP;OF06;1VFME301;V;CFGS;1º;2;OT1;;2;13;1;0;;0;
PPR;OF05;1FME304;M;CFGS;1º;1;LINS;;2;6;1;0;;0;
SASP;PGA4;1ADG201;M;CFGM;1º;1;A203;;5;5;1;0;;0;
PIII;OSE1;1IMA204;M;CFGM;1º;1;OTREF;;2;3;1;0;;0;
PII;SOL8;1FME203;M;CFGM;1º;1;ATSO;;2;6;1;0;;0;
DASP;SOL4;1FME203;M;CFGM;1º;1;LENS;;1;3;1;0;;0;
PII;PGA5;1ADG201;M;CFGM;1º;1;A203;;1;6;1;0;;0;
PIPQ;AQI3;2QUI304;M;CFGS;2º;1;A207;;2;4;1;0;;0;
SASP;MM03;1FME202;M;CFGM;1º;1;A307;;5;5;1;0;;0;
FAV;MM03;1FME202;M;CFGM;1º;1;ATME;;1;6;1;0;;0;
PIDWI;INF2;1VIFC302;V;CFGS;1º;2;A204;;1;10;1;0;;0;
PMI;OF23;2IMA302;M;CFGS;2º;1;LAUT;;3;3;1;0;;0;
TUT;PC7;2COM101;M;FPB;2º;1;A308;;5;5;1;0;;0;
DASP;EF12;1VAFD302;V;CFGS;1º;1;A307;;2;10;1;0;;0;
SMN;EF6;2AFD201;M;CFGM;2º;1;APOL;;3;2;1;0;;0;
PGVEC;PC5;2VCOM302;V;CFGS;2º;2;A313;;1;12;1;0;;0;
SASP;OF24;1IMA204;M;CFGM;1º;1;OTREF;;4;3;1;0;;0;
PII;OGC4;1COM201;M;CFGM;1º;1;A311;;5;6;1;0;;0;
DASP;OGC4;1COM201;M;CFGM;1º;1;A311;;3;4;1;0;;0;
SAN;SOL5;1VFME203;V;CFGM;1º;2;LREF;;4;12;1;0;;0;
PDAM;INF6;2VIFC302;V;CFGS;2º;2;A302;;1;11;1;0;;0;
PTL;OGC3;2COM303;M;CFGS;2º;1;A309;;2;1;1;0;;0;
PCI;OGC7;2COM301;M;CFGS;2º;1;A310;;5;2;1;0;;0;
PICII;PC6;1COM301;M;CFGS;1º;1;A314;;1;3;1;0;;0;
SASP;PC3;1COM303;M;CFGS;1º;1;A312;;1;3;1;0;;0;
DASP;OF27;1IMA302;M;CFGS;1º;1;OT2;;3;6;1;0;;0;
DASP;OF27;1IMA204;M;CFGM;1º;1;LREF;;4;6;1;0;;0;
PIMII;OF27;1IMA302;M;CFGS;1º;1;OT1;;5;6;1;0;;0;
MMM;MM06;2IMA201;M;CFGM;2º;1;LINS;;2;4;1;0;;0;
PFAMC;MM06;2FME304;M;CFGS;2º;1;OTREF;;1;3;1;0;;0;
PAF;AE4;2ADG301;M;CFGS;2º;1;A201;;2;3;1;0;;0;
PITLI;OGC2;1COM303;M;CFGS;1º;1;A312;;1;6;1;0;;0;
SASP;FIC3;1MAM202;M;CFGM;1º;1;A303;;2;6;1;0;;0;
IPEI;FO02;1FME301;M;CFGS;1º;1;A102;;5;5;1;0;;0;
CAL;FIC3;1MAM202;M;CFGM;1º;1;A303;;4;1;1;0;;0;
PII;FIC3;1MAM202;M;CFGM;1º;1;A303;;2;5;1;0;;0;
DASP;FIC3;1MAM202;M;CFGM;1º;1;A306;;4;4;1;0;;0;
CAL;FIC3;1MAM202;M;CFGM;1º;1;A303;;4;2;1;0;;0;
PII;SOL9;1VFME301;V;CFGS;1º;2;LENS;;5;11;1;0;;0;
PMI;OF21;2VIMA302;V;CFGS;2º;2;LAUT;;2;13;1;0;;0;
MON;SOL9;2VFME203;V;CFGM;2º;2;ATSO;;2;10;1;0;;0;
DASP;INF3;1IFC303;M;CFGS;1º;1;A204;;4;1;1;0;;0;
PDAW;INF1;2IFC303;M;CFGS;2º;1;A205;;5;2;1;0;;0;
PIDWI;INF3;1IFC303;M;CFGS;1º;1;A204;;2;2;1;0;;0;
PDAW;SAI1;2DIFC303;D;CFGS;2º;3;A201;;1;10;1;0;;0;
DASP;SAI4;1DIFC303;D;CFGS;1º;3;A202;;1;10;1;0;;0;
PIDWI;INF9;1DIFC303;D;CFGS;1º;3;A202;;2;10;1;0;;0;
IP;ING2;1DIFC303;D;CFGS;1º;3;A202;;2;11;1;0;;0;
SASP;INF2;1DIFC303;D;CFGS;1º;3;A202;;4;13;1;0;;0;
EPF;MM01;1FME304;M;CFGS;1º;1;TMOB;;2;4;1;0;;0;
SASP;PC10;1VCOM304;V;CFGS;1º;1;A312;;5;8;1;0;;0;
SASP;PC10;1VCOM302;V;CFGS;1º;1;A314;;1;11;1;0;;0;
DASP;PC9;1COM301;M;CFGS;1º;1;A314;;1;6;1;0;;0;
DASP;PC9;1COM303;M;CFGS;1º;1;A312;;2;6;1;0;;0;
SAP;SOL2;2FME203;M;CFGM;2º;1;LENS;;3;4;1;0;;0;
SAP;SOL2;2FME203;M;CFGM;2º;1;ATSO;;2;3;1;0;;0;
PRIQ;AQI1;1QUI304;M;CFGS;1º;1;LINS;;5;5;1;0;;0;
PRIQ;AQI1;1QUI304;M;CFGS;1º;1;A207;;2;5;1;0;;0;
SAP;SOL3;2VFME203;V;CFGM;2º;2;ATSO;;5;11;1;0;;0;
SAP;SOL3;2VFME203;V;CFGM;2º;2;ATSO;;1;10;1;0;;0;
EIE;FO13;2VAFD302;V;CFGS;2º;1;A002;;2;13;1;0;;0;
EIE;FO13;2VAFD302;V;CFGS;2º;1;A005;;1;13;1;0;;0;
EIE;FO05;2QUI304;M;CFGS;2º;1;A207;;1;3;1;0;;0;
EIE;FO05;2QUI304;M;CFGS;2º;1;A207;;2;1;1;0;;0;
PA;PSA;1VSSC306;V;CFGS;1º;1;LINS;;3;12;1;0;;0;
PIFMSI;PSA;1VSSC306;V;CFGS;1º;1;LINS;;3;13;1;0;;0;
SASP;PSA;1VSSC306;V;CFGS;1º;1;LINS;;3;11;1;0;;0;
DASP;PSA;1VSSC306;V;CFGS;1º;1;LINS;;3;10;1;0;;0;
AC;PC1;1COM101;M;FPB;1º;1;A001;;3;5;1;0;;0;
AC;PC1;1COM101;M;FPB;1º;1;A001;;4;3;1;0;;0;
IPEI;FO02;1FME301;M;CFGS;1º;1;A102;;2;5;1;0;;0;
IPEI;FO02;1FME301;M;CFGS;1º;1;A102;;5;6;1;0;;0;
IPEI;FO10;1IMA302;M;CFGS;1º;1;A305;;1;5;1;0;;0;
IPEI;FO10;1IMA302;M;CFGS;1º;1;A305;;3;2;1;0;;0;
IPEI;FO10;1IMA302;M;CFGS;1º;1;A305;;3;3;1;0;;0;
IPEI;FO10;1AFD301;M;CFGS;1º;1;A304;;4;4;1;0;;0;
IPEI;FO10;1AFD301;M;CFGS;1º;1;A304;;2;3;1;0;;0;
IPEI;FO10;1AFD301;M;CFGS;1º;1;A304;;4;3;1;0;;0;
GDJE;AE1;1ADG301;M;CFGS;1º;1;A202;;2;3;1;0;;0;
GDJE;AE1;1ADG301;M;CFGS;1º;1;A202;;5;5;1;0;;0;
GDJE;AE1;1ADG301;M;CFGS;1º;1;A202;;3;2;1;0;;0;
HS;EF10;2VAFD302;V;CFGS;2º;1;APOL;;5;11;1;0;;0;
HS;EF10;2VAFD302;V;CFGS;2º;1;APOL;;4;10;1;0;;0;
HS;EF10;2VAFD302;V;CFGS;2º;1;APOL;;3;11;1;0;;0;
IPEI;FO10;1IMA204;M;CFGM;1º;1;A307;;2;6;1;0;;0;
IPEI;FO10;1IMA204;M;CFGM;1º;1;A305;;5;1;1;0;;0;
IPEI;FO10;1IMA204;M;CFGM;1º;1;A305;;5;2;1;0;;0;
IPEI;FO10;1AFD201;M;CFGM;1º;1;A305;;3;4;1;0;;0;
IPEI;FO10;1AFD201;M;CFGM;1º;1;A305;;3;5;1;0;;0;
IPEI;FO10;1AFD201;M;CFGM;1º;1;A304;;1;4;1;0;;0;
RHRSC;AE1;1ADG301;M;CFGS;1º;1;A202;;5;6;1;0;;0;
RHRSC;AE1;1ADG301;M;CFGS;1º;1;A202;;3;6;1;0;;0;
RHRSC;AE1;1ADG301;M;CFGS;1º;1;A202;;1;1;1;0;;0;
EMADM;PGA5;1ADG201;M;CFGM;1º;1;A203;;4;6;1;0;;0;
EMADM;PGA5;1ADG201;M;CFGM;1º;1;A203;;2;6;1;0;;0;
EMADM;PGA5;1ADG201;M;CFGM;1º;1;A203;;1;3;1;0;;0;
IPEI;FO10;1QUI304;M;CFGS;1º;1;A206;;2;4;1;0;;0;
IPEI;FO10;1QUI304;M;CFGS;1º;1;A206;;5;4;1;0;;0;
IPEI;FO10;1QUI304;M;CFGS;1º;1;A206;;1;3;1;0;;0;
LMSG;INF1;1IFC303;M;CFGS;1º;1;A204;;4;4;1;0;;0;
LMSG;INF1;1IFC303;M;CFGS;1º;1;A204;;4;5;1;0;;0;
LMSG;INF1;1IFC303;M;CFGS;1º;1;A204;;1;1;1;0;;0;
CEACL;PGA1;1ADG201;M;CFGM;1º;1;A203;;5;6;1;0;;0;
CEACL;PGA1;1ADG201;M;CFGM;1º;1;A203;;4;5;1;0;;0;
CEACL;PGA1;1ADG201;M;CFGM;1º;1;A203;;3;1;1;0;;0;
CEACL;PGA1;1ADG201;M;CFGM;1º;1;A203;;1;5;1;0;;0;
EIE;FO10;2AFD201;M;CFGM;2º;1;A306;;4;1;1;0;;0;
EIE;FO10;2AFD201;M;CFGM;2º;1;A306;;5;3;1;0;;0;
EIE;FO10;2AFD201;M;CFGM;2º;1;A306;;3;1;1;0;;0;
EIE;FO10;2AFD201;M;CFGM;2º;1;A306;;2;1;1;0;;0;
OAA;PC7;2COM101;M;FPB;2º;1;A308;;4;4;1;0;;0;
OAA;PC7;2COM101;M;FPB;2º;1;A308;;3;2;1;0;;0;
OAA;PC7;2COM101;M;FPB;2º;1;A308;;1;3;1;0;;0;
OAA;PC7;2COM101;M;FPB;2º;1;A308;;5;2;1;0;;0;
RPOEM;OGC10;2VCOM304;V;CFGS;2º;1;A310;;5;8;1;0;;0;
RPOEM;OGC10;2VCOM304;V;CFGS;2º;1;A310;;2;10;1;0;;0;
RPOEM;OGC10;2VCOM304;V;CFGS;2º;1;A310;;3;10;1;0;;0;
RPOEM;OGC10;2VCOM304;V;CFGS;2º;1;A310;;3;11;1;0;;0;
PPVP;PC8;1COM101;M;FPB;1º;1;A001;;5;4;1;0;;0;
PPVP;PC8;1COM101;M;FPB;1º;1;A001;;4;1;1;0;;0;
PPVP;PC8;1COM101;M;FPB;1º;1;A001;;2;4;1;0;;0;
PPVP;PC8;1COM101;M;FPB;1º;1;A001;;3;6;1;0;;0;
MAC;OGC6;1COM201;M;CFGM;1º;1;A311;;1;4;1;0;;0;
MAC;OGC6;1COM201;M;CFGM;1º;1;A311;;4;4;1;0;;0;
MAC;OGC6;1COM201;M;CFGM;1º;1;A311;;2;6;1;0;;0;
MAC;OGC6;1COM201;M;CFGM;1º;1;A311;;5;5;1;0;;0;
MAC;OGC6;1COM201;M;CFGM;1º;1;A311;;3;3;1;0;;0;
GMNA;EF8;2AFD201;M;CFGM;2º;1;A305;;1;1;1;0;;0;
GMNA;EF3;2AFD201;M;CFGM;2º;1;A305;;1;1;1;0;;0;
GB;EF1;1AFD201;M;CFGM;1º;1;A002;;5;2;1;0;;0;
GB;EF4;1AFD201;M;CFGM;1º;1;A002;;5;2;1;0;;0;
IPEI;FO02;1IFC303;M;CFGS;1º;1;A005;;5;2;1;0;;0;
IPEI;FO07;1IFC303;M;CFGS;1º;1;A204;;5;2;1;0;;0;
EIE;FO07;2IFC303;M;CFGS;2º;1;A205;;4;3;1;0;;0;
EIE;FO02;2IFC303;M;CFGS;2º;1;A005;;4;3;1;0;;0;
EIE;FO07;2IFC303;M;CFGS;2º;1;A205;;4;4;1;0;;0;
EIE;FO02;2IFC303;M;CFGS;2º;1;A005;;4;4;1;0;;0;
EIE;FO07;2IFC303;M;CFGS;2º;1;A205;;3;6;1;0;;0;
EIE;FO02;2IFC303;M;CFGS;2º;1;A102;;3;6;1;0;;0;
EIE;FO07;2IFC303;M;CFGS;2º;1;A205;;2;3;1;0;;0;
EIE;FO02;2IFC303;M;CFGS;2º;1;A102;;2;3;1;0;;0;
IPEI;FO07;1IFC303;M;CFGS;1º;1;A204;;5;3;1;0;;0;
IPEI;FO02;1IFC303;M;CFGS;1º;1;A005;;5;3;1;0;;0;
IPEI;FO07;1IFC303;M;CFGS;1º;1;A204;;2;1;1;0;;0;
IPEI;FO02;1IFC303;M;CFGS;1º;1;A102;;2;1;1;0;;0;
IPEI;FO07;1COM301;M;CFGS;1º;1;A314;;4;2;1;0;;0;
IPEI;FO02;1COM301;M;CFGS;1º;1;A102;;4;2;1;0;;0;
IPEI;FO07;1COM301;M;CFGS;1º;1;A314;;4;1;1;0;;0;
IPEI;FO02;1COM301;M;CFGS;1º;1;A102;;4;1;1;0;;0;
IPEI;FO07;1COM301;M;CFGS;1º;1;A314;;2;4;1;0;;0;
IPEI;FO02;1COM301;M;CFGS;1º;1;A102;;2;4;1;0;;0;
NI;OGC6;2COM301;M;CFGS;2º;1;A310;;4;6;1;0;;0;
NI;OGC12;2COM301;M;CFGS;2º;1;A310;;4;6;1;0;;0;
NI;OGC6;2COM301;M;CFGS;2º;1;A310;;3;1;1;0;;0;
NI;OGC12;2COM301;M;CFGS;2º;1;A310;;3;1;1;0;;0;
NI;OGC6;2COM301;M;CFGS;2º;1;A310;;4;5;1;0;;0;
NI;OGC12;2COM301;M;CFGS;2º;1;A310;;4;5;1;0;;0;
NI;OGC6;2COM301;M;CFGS;2º;1;A310;;2;3;1;0;;0;
NI;OGC12;2COM301;M;CFGS;2º;1;A310;;2;3;1;0;;0;
NI;OGC6;2COM301;M;CFGS;2º;1;A310;;2;4;1;0;;0;
NI;OGC12;2COM301;M;CFGS;2º;1;A310;;2;4;1;0;;0;
RCC;OF08;;;;;;SAJU2;;2;4;1;0;;0;
RCC;AE3;;;;;;SAJU2;;2;4;1;0;;0;
RCC;ING3;;;;;;SAJU2;;2;4;1;0;;0;
RCC;OF07;;;;;;SAJU2;;2;4;1;0;;0;
RCCP;INF4;;;;;;SAJU;;1;3;1;0;;0;
RCCP;OGC5;;;;;;SAJU;;1;3;1;0;;0;
RCCP;FO08;;;;;;SAJU;;1;3;1;0;;0;
RCCP;AE4;;;;;;SAJU;;1;3;1;0;;0;
RCCP;OF22;;;;;;SAJU;;1;3;1;0;;0;
RCCP;MM01;;;;;;SAJU;;1;3;1;0;;0;
RCCP;OF05;;;;;;SAJU;;1;3;1;0;;0;
RCCP;ING2;;;;;;SAJU;;1;3;1;0;;0;
RCCP;PPM1;;;;;;SAJU;;1;3;1;0;;0;
RCCP;EF5;;;;;;SAJU;;1;3;1;0;;0;
RCCP;AQI2;;;;;;SAJU;;1;3;1;0;;0;
RCCP;SAI2;;;;;;SAJU;;1;3;1;0;;0;
RCCP;FIC2;;;;;;SAJU;;1;3;1;0;;0;
RCCP;FO06;;;;;;SAJU;;1;3;1;0;;0;
RCCP;PGA3;;;;;;SAJU;;1;3;1;0;;0;
RCCP;OF08;;;;;;SAJU;;1;3;1;0;;0;
IP;ING1;1COM303;M;CFGS;1º;1;A312;;2;3;1;0;;0;
IP;ING1;1COM303;M;CFGS;1º;1;A312;;2;4;1;0;;0;
EIE;FO13;2VIMA302;V;CFGS;2º;2;A005;;4;10;1;0;;0;
EIE;FO13;2VIMA302;V;CFGS;2º;2;A005;;4;11;1;0;;0;
SM;MM22;1VIMA302;V;CFGS;1º;2;TMGS;;1;11;1;0;;0;
SM;MM22;1VIMA302;V;CFGS;1º;2;TMGS;;1;12;1;0;;0;
EIE;FO13;2VAFD302;V;CFGS;2º;1;A002;;5;12;1;0;;0;
EIE;FO13;2VAFD302;V;CFGS;2º;1;A002;;5;13;1;0;;0;
IP;ING5;1AFD201;M;CFGM;1º;1;APOL;;1;5;1;0;;0;
IP;ING5;1AFD201;M;CFGM;1º;1;APOL;;1;6;1;0;;0;
EIE;FO12;2VFME301;V;CFGS;2;2;A004;;3;10;1;0;;0;
EIE;FO12;2VFME301;V;CFGS;2;2;A005;;2;11;1;0;;0;
IEAUT;SEA1;1IMA204;M;CFGM;1º;1;OTREF;;2;4;1;0;;0;
IEAUT;SEA1;1IMA204;M;CFGM;1º;1;OTREF;;2;5;1;0;;0;
MEIP;OP1;2QUI304;M;CFGS;2º;1;LINS;;1;1;1;0;;0;
MEIP;OP1;2QUI304;M;CFGS;2º;1;LINS;;1;2;1;0;;0;
DG;EF2;1AFD301;M;CFGS;1º;1;APOL;;2;5;1;0;;0;
DG;EF2;1AFD301;M;CFGS;1º;1;APOL;;2;6;1;0;;0;
FPM;OP1;1QUI304;M;CFGS;1º;1;LANQ;;3;1;1;0;;0;
FPM;OP1;1QUI304;M;CFGS;1º;1;LANQ;;3;2;1;0;;0;
TMINS;ETF2;1IMA204;M;CFGM;1º;1;OTREF;;3;1;1;0;;0;
TMINS;ETF2;1IMA204;M;CFGM;1º;1;OTREF;;3;2;1;0;;0;
PUMCM;SOL6;2VFME301;V;CFGS;2;2;OT3;;5;12;1;0;;0;
PUMCM;SOL6;2VFME301;V;CFGS;2;2;OT3;;5;13;1;0;;0;
MEAFD;EF7;1AFD301;M;CFGS;1º;1;APOL;;5;3;1;0;;0;
MEAFD;EF7;1AFD301;M;CFGS;1º;1;APOL;;5;4;1;0;;0;
EIE;FO13;2VIMA302;V;CFGS;2º;2;A002;;1;11;1;0;;0;
EIE;FO13;2VIMA302;V;CFGS;2º;2;A002;;2;12;1;0;;0;
AAPQ;OP1;1QUI304;M;CFGS;1º;1;A206;;2;1;1;0;;0;
AAPQ;OP1;1QUI304;M;CFGS;1º;1;A206;;2;2;1;0;;0;
EIE;FO08;2IMA201;M;CFGM;2º;1;A003;;3;6;1;0;;0;
EIE;FO08;2IMA201;M;CFGM;2º;1;A005;;5;4;1;0;;0;
GRE;OP1;1QUI304;M;CFGS;1º;1;LINS;;4;1;1;0;;0;
GRE;OP1;1QUI304;M;CFGS;1º;1;LINS;;4;2;1;0;;0;
HS;EF10;2VAFD302;V;CFGS;2º;1;POL2;;2;11;1;0;;0;
HS;EF10;2VAFD302;V;CFGS;2º;1;POL2;;2;12;1;0;;0;
EAE;SEA1;1IMA201;M;CFGM;1º;1;OTREF;;2;1;1;0;;0;
EAE;SEA1;1IMA201;M;CFGM;1º;1;OTREF;;2;2;1;0;;0;
OI;EF3;1AFD201;M;CFGM;1º;1;A307;;3;2;1;0;;0;
OI;EF3;1AFD201;M;CFGM;1º;1;A307;;3;3;1;0;;0;
SM;MM22;1IMA302;M;CFGS;1º;1;LENS;;5;4;1;0;;0;
SM;MM22;1IMA302;M;CFGS;1º;1;LENS;;5;5;1;0;;0;
PUMCM;SOL4;2FME301;M;CFGS;2º;1;ATSO;;1;1;1;0;;0;
PUMCM;SOL4;2FME301;M;CFGS;2º;1;ATSO;;1;2;1;0;;0;
TN;EF6;1AFD201;M;CFGM;1º;1;PILL;;4;2;1;0;;0;
TN;EF6;1AFD201;M;CFGM;1º;1;PILL;;4;3;1;0;;0;
TBA;MV;1VSSC306;V;CFGS;1º;1;LINS;;1;12;1;0;;0;
TBA;MV;1VSSC306;V;CFGS;1º;1;LINS;;1;13;1;0;;0;
IP;ING1;1FME301;M;CFGS;1º;1;A304;;3;5;1;0;;0;
IP;ING1;1FME301;M;CFGS;1º;1;A304;;3;6;1;0;;0;
EIE;FO08;2IMA201;M;CFGM;2º;1;A005;;2;5;1;0;;0;
EIE;FO08;2IMA201;M;CFGM;2º;1;A005;;2;6;1;0;;0;
IP;ING1;1FME202;M;CFGM;1º;1;A304;;5;3;1;0;;0;
IP;ING1;1FME202;M;CFGM;1º;1;A304;;5;4;1;0;;0;
GRE;OP1;1QUI304;M;CFGS;1º;1;A207;;3;3;1;0;;0;
GRE;OP1;1QUI304;M;CFGS;1º;1;A207;;3;4;1;0;;0;
SM;MM22;1VIMA302;V;CFGS;1º;2;LENS;;3;10;1;0;;0;
SM;MM22;1VIMA302;V;CFGS;1º;2;LENS;;3;11;1;0;;0;
EIE;FO05;2QUI304;M;CFGS;2º;1;A206;;3;3;1;0;;0;
EIE;FO05;2QUI304;M;CFGS;2º;1;A206;;3;4;1;0;;0;
IP;ING1;1FME203;M;CFGM;1º;1;A304;;2;5;1;0;;0;
IP;ING1;1FME203;M;CFGM;1º;1;A304;;3;3;1;0;;0;
IP;ING1;1AFD301;M;CFGS;1º;1;A304;;4;1;1;0;;0;
IP;ING1;1AFD301;M;CFGS;1º;1;A304;;4;2;1;0;;0;
SAN;SOL7;1FME203;M;CFGM;1º;1;ATSO;;2;1;1;0;;0;
SAN;SOL7;1FME203;M;CFGM;1º;1;ATSO;;2;2;1;0;;0;
MEAFD;EF7;1AFD301;M;CFGS;1º;1;POL1;;2;1;1;0;;0;
MEAFD;EF7;1AFD301;M;CFGS;1º;1;POL1;;2;2;1;0;;0;
IP;ING1;1IMA302;M;CFGS;1º;1;A304;;1;1;1;0;;0;
IP;ING1;1IMA302;M;CFGS;1º;1;A304;;1;2;1;0;;0;
RCPQ;AQI3;2QUI304;M;CFGS;2º;1;A207;;5;5;1;0;;0;
RCPQ;AQI3;2QUI304;M;CFGS;2º;1;A207;;5;6;1;0;;0;
VCFIA;EF7;1AFD301;M;CFGS;1º;1;APOL;;1;2;1;0;;0;
VCFIA;EF7;1AFD301;M;CFGS;1º;1;APOL;;1;3;1;0;;0;
TSF;OP1;1QUI304;M;CFGS;1º;1;LANQ;;1;4;1;0;;0;
TSF;OP1;1QUI304;M;CFGS;1º;1;LANQ;;1;5;1;0;;0;
IP;ING5;1IMA201;M;CFGM;1º;1;A307;;5;2;1;0;;0;
IP;ING5;1IMA201;M;CFGM;1º;1;A305;;5;3;1;0;;0;
DPRME;OF09;1FME302;M;CFGS;1º;1;OT2;;4;1;1;0;;0;
DPRME;OF09;1FME302;M;CFGS;1º;1;OT2;;4;2;1;0;;0;
AG;EF9;1AFD201;M;CFGM;1º;1;POL1;;1;2;1;0;;0;
AG;EF9;1AFD201;M;CFGM;1º;1;POL1;;1;3;1;0;;0;
EIE;FO08;2IMA302;M;CFGS;2º;1;A005;;2;3;1;0;;0;
EIE;FO08;2IMA302;M;CFGS;2º;1;A005;;2;4;1;0;;0;
SHN;MM23;1IMA302;M;CFGS;1º;1;A306;;1;3;1;0;;0;
SHN;MM23;1IMA302;M;CFGS;1º;1;A306;;1;4;1;0;;0;
IP;ING5;1COM201;M;CFGM;1º;1;A311;;2;1;1;0;;0;
IP;ING5;1COM201;M;CFGM;1º;1;A311;;2;2;1;0;;0;
EIE;FO12;2VFME301;V;CFGS;2;2;A005;;2;12;1;0;;0;
EIE;FO12;2VFME301;V;CFGS;2;2;A005;;2;13;1;0;;0;
SHN;MM23;1IMA302;M;CFGS;1º;1;LNEU;;5;2;1;0;;0;
SHN;MM23;1IMA302;M;CFGS;1º;1;LNEU;;5;3;1;0;;0;
PAS;EF2;2AFD301;M;CFGS;2º;1;A307;;5;3;1;0;;0;
PAS;EF2;2AFD301;M;CFGS;2º;1;A307;;5;4;1;0;;0;
PPR;OF05;1FME304;M;CFGS;1º;1;LENS;;4;2;1;0;;0;
PPR;OF05;1FME304;M;CFGS;1º;1;LENS;;4;3;1;0;;0;
MEIP;OP1;2QUI304;M;CFGS;2º;1;A102;;5;3;1;0;;0;
MEIP;OP1;2QUI304;M;CFGS;2º;1;A207;;5;4;1;0;;0;
EIE;FO08;2IMA302;M;CFGS;2º;1;A005;;5;5;1;0;;0;
EIE;FO08;2IMA302;M;CFGS;2º;1;A005;;5;6;1;0;;0;
METER;OSE1;1IMA204;M;CFGM;1º;1;LREF;;2;2;1;0;;0;
METER;OSE1;1IMA204;M;CFGM;1º;1;LREF;;2;1;1;0;;0;
IP;ING5;1MAM202;M;CFGM;1º;1;A303;;1;1;1;0;;0;
IP;ING5;1MAM202;M;CFGM;1º;1;A303;;1;2;1;0;;0;
ME;OF24;2FME203;M;CFGM;2º;1;LENS;;2;1;1;0;;0;
ME;OF24;2FME203;M;CFGM;2º;1;LENS;;2;2;1;0;;0;
IP;ING4;1VFME301;V;CFGS;1º;2;A304;;2;11;1;0;;0;
IP;ING4;1VFME301;V;CFGS;1º;2;A304;;1;8;1;0;;0;
IP;ING4;1VCOM302;V;CFGS;1º;1;A314;;3;8;1;0;;0;
IP;ING4;1VCOM302;V;CFGS;1º;1;A314;;3;9;1;0;;0;
IP;ING4;1VIFC303;V;CFGS;1º;1;A306;;1;12;1;0;;0;
IP;ING4;1VIFC303;V;CFGS;1º;1;A306;;1;13;1;0;;0;
IP;ING4;1VSSC306;V;CFGS;1º;1;LINS;;4;8;1;0;;0;
IP;ING4;1VSSC306;V;CFGS;1º;1;LINS;;4;9;1;0;;0;
IP;ING4;1VFME203;V;CFGM;1º;2;A304;;1;10;1;0;;0;
IP;ING4;1VFME203;V;CFGM;1º;2;A304;;1;9;1;0;;0;
IP;ING4;1VCOM304;V;CFGS;1º;1;A312;;2;10;1;0;;0;
IP;ING4;1VCOM304;V;CFGS;1º;1;A312;;4;10;1;0;;0;
IP;ING4;1VIFC302;V;CFGS;1º;2;A204;;5;12;1;0;;0;
IP;ING4;1VIFC302;V;CFGS;1º;2;A204;;5;13;1;0;;0;
IP;ING4;1VIMA302;V;CFGS;1º;2;OT3;;2;9;1;0;;0;
IP;ING4;1VIMA302;V;CFGS;1º;2;A304;;3;13;1;0;;0;
IP;ING4;1VAFD302;V;CFGS;1º;1;A304;;5;10;1;0;;0;
IP;ING4;1VAFD302;V;CFGS;1º;1;A304;;3;11;1;0;;0;
IP;ING5;1IMA204;M;CFGM;1º;1;LREF;;3;5;1;0;;0;
IP;ING5;1IMA204;M;CFGM;1º;1;OTREF;;3;6;1;0;;0;
IP;ING3;1COM301;M;CFGS;1º;1;A314;;5;1;1;0;;0;
IP;ING3;1COM301;M;CFGS;1º;1;A314;;5;2;1;0;;0;
IP;ING3;1FME302;M;CFGS;1º;1;A002;;5;5;1;0;;0;
IP;ING3;1FME302;M;CFGS;1º;1;A002;;5;6;1;0;;0;
RQ;AQI4;2QUI304;M;CFGS;2º;1;LANQ;;4;3;1;0;;0;
RQ;AQI4;2QUI304;M;CFGS;2º;1;LANQ;;4;4;1;0;;0;
IP;ING3;1FME304;M;CFGS;1º;1;A304;;3;1;1;0;;0;
IP;ING3;1FME304;M;CFGS;1º;1;A304;;3;2;1;0;;0;
IP;ING2;1IFC303;M;CFGS;1º;1;A204;;3;3;1;0;;0;
IP;ING2;1IFC303;M;CFGS;1º;1;A204;;3;4;1;0;;0;
IP;ING2;1QUI304;M;CFGS;1º;1;A206;;4;5;1;0;;0;
IP;ING2;1QUI304;M;CFGS;1º;1;A206;;4;6;1;0;;0;
IP;ING2;1ADG201;M;CFGM;1º;1;A203;;4;1;1;0;;0;
IP;ING2;1ADG201;M;CFGM;1º;1;A203;;4;2;1;0;;0;
IP;ING2;1ADG301;M;CFGS;1º;1;A202;;5;1;1;0;;0;
IP;ING2;1ADG301;M;CFGS;1º;1;A202;;5;2;1;0;;0;
DAW;INF1;2DIFC303;D;CFGS;2º;3;A201;;2;10;1;0;;0;
DAW;INF1;2DIFC303;D;CFGS;2º;3;A201;;2;11;1;0;;0;
LMSG;INF9;1DIFC303;D;CFGS;1º;3;A202;;3;12;1;0;;0;
LMSG;INF9;1DIFC303;D;CFGS;1º;3;A202;;3;13;1;0;;0;
ENDES;INF7;1DIFC303;D;CFGS;1º;3;A202;;3;10;1;0;;0;
ENDES;INF7;1DIFC303;D;CFGS;1º;3;A202;;3;11;1;0;;0;
BADAT;INF3;1DIFC303;D;CFGS;1º;3;A202;;1;11;1;0;;0;
BADAT;INF3;1DIFC303;D;CFGS;1º;3;A202;;1;12;1;0;;0;
SISIN;SAI4;1DIFC303;D;CFGS;1º;3;A202;;2;12;1;0;;0;
SISIN;SAI4;1DIFC303;D;CFGS;1º;3;A202;;2;13;1;0;;0;
EIE;FO11;2DIFC303;D;CFGS;2º;3;A201;;5;12;1;0;;0;
EIE;FO11;2DIFC303;D;CFGS;2º;3;A201;;5;13;1;0;;0;
IPEI;FO11;1DIFC303;D;CFGS;1º;3;A202;;5;10;1;0;;0;
IPEI;FO11;1DIFC303;D;CFGS;1º;3;A202;;5;11;1;0;;0;
RET;FO04;2DMSP34;D;CFGS;2º;3;A104;;1;10;1;0;;0;
RET;FO04;2DMSP34;D;CFGS;2º;3;A104;;1;11;1;0;;0;
TICE;SAI3;1DMSP34;D;CFGS;1º;3;A103;;2;10;1;0;;0;
TICE;SAI3;1DMSP34;D;CFGS;1º;3;A103;;2;11;1;0;;0;
FOL;FO12;2DMSP34;D;CFGS;2º;3;A104;;1;12;1;0;;0;
FOL;FO12;2DMSP34;D;CFGS;2º;3;A104;;1;13;1;0;;0;
FOL;FO05;2MSP34;M;CFGS;2º;1;A104;;5;1;1;0;;0;
FOL;FO05;2MSP34;M;CFGS;2º;1;A104;;5;2;1;0;;0;
FOL;FO05;2MSP34;M;CFGS;2º;1;A104;;4;4;1;0;;0;
EM;OF11;1VIMA302;V;CFGS;1º;2;OT2;;5;11;1;0;;0;
EM;OF11;1VIMA302;V;CFGS;1º;2;OT2;;5;12;1;0;;0;
EM;OF11;1VIMA302;V;CFGS;1º;2;OT3;;2;8;1;0;;0;
IPEI;FO05;1MAM202;M;CFGM;1º;1;A004;;2;3;1;0;;0;
IPEI;FO05;1MAM202;M;CFGM;1º;1;A004;;2;4;1;0;;0;
IPEI;FO05;1MAM202;M;CFGM;1º;1;A304;;1;5;1;0;;0;
PPR;OF05;1FME301;M;CFGS;1º;1;LENS;;5;1;1;0;;0;
PPR;OF05;1FME301;M;CFGS;1º;1;LENS;;5;2;1;0;;0;
PPR;OF05;1FME301;M;CFGS;1º;1;LENS;;2;4;1;0;;0;
IPEI;FO12;1VFME203;V;CFGM;1º;2;A002;;5;11;1;0;;0;
IPEI;FO12;1VFME203;V;CFGM;1º;2;A002;;1;8;1;0;;0;
IPEI;FO12;1VFME203;V;CFGM;1º;2;A002;;4;13;1;0;;0;
IPEI;FO11;1IMA201;M;CFGM;1º;1;A305;;4;3;1;0;;0;
IPEI;FO11;1IMA201;M;CFGM;1º;1;A307;;1;6;1;0;;0;
IPEI;FO11;1IMA201;M;CFGM;1º;1;A305;;3;1;1;0;;0;
IPEI;FO11;1FME202;M;CFGM;1º;1;A307;;3;5;1;0;;0;
IPEI;FO11;1FME202;M;CFGM;1º;1;A307;;3;6;1;0;;0;
IPEI;FO11;1FME202;M;CFGM;1º;1;A305;;4;1;1;0;;0;
IPEI;FO11;1FME203;M;CFGM;1º;1;A305;;2;3;1;0;;0;
IPEI;FO11;1FME203;M;CFGM;1º;1;A305;;2;4;1;0;;0;
IPEI;FO11;1FME203;M;CFGM;1º;1;A305;;4;6;1;0;;0;
PSPR;INF7;2VIFC302;V;CFGS;2º;2;A302;;5;8;1;0;;0;
PSPR;INF7;2VIFC302;V;CFGS;2º;2;A302;;5;9;1;0;;0;
PSPR;INF7;2VIFC302;V;CFGS;2º;2;A302;;2;8;1;0;;0;
IPEI;FO01;1FME302;M;CFGS;1º;1;A306;;4;6;1;0;;0;
IPEI;FO01;1FME302;M;CFGS;1º;1;A306;;4;5;1;0;;0;
IPEI;FO01;1FME302;M;CFGS;1º;1;A003;;2;3;1;0;;0;
EM;OF22;1IMA302;M;CFGS;1º;1;A101;;2;1;1;0;;0;
EM;OF22;1IMA302;M;CFGS;1º;1;A101;;2;2;1;0;;0;
EM;OF22;1IMA302;M;CFGS;1º;1;A101;;5;1;1;0;;0;
ENDES;INF5;1IFC303;M;CFGS;1º;1;A204;;2;5;1;0;;0;
ENDES;INF5;1IFC303;M;CFGS;1º;1;A204;;2;6;1;0;;0;
ENDES;INF5;1IFC303;M;CFGS;1º;1;A204;;5;6;1;0;;0;
IPEI;FO13;1VIMA302;V;CFGS;1º;2;A307;;4;8;1;0;;0;
IPEI;FO13;1VIMA302;V;CFGS;1º;2;A307;;4;9;1;0;;0;
IPEI;FO13;1VIMA302;V;CFGS;1º;2;A307;;5;10;1;0;;0;
IPEI;FO08;1ADG301;M;CFGS;1º;1;A202;;4;5;1;0;;0;
IPEI;FO08;1ADG301;M;CFGS;1º;1;A202;;4;6;1;0;;0;
IPEI;FO08;1ADG301;M;CFGS;1º;1;A202;;3;1;1;0;;0;
IPEI;FO14;1VIFC302;V;CFGS;1º;2;A204;;1;8;1;0;;0;
IPEI;FO14;1VIFC302;V;CFGS;1º;2;A204;;1;9;1;0;;0;
IPEI;FO14;1VIFC302;V;CFGS;1º;2;A204;;2;9;1;0;;0;
OBIQ;AQI1;1QUI304;M;CFGS;1º;1;LINS;;3;5;1;0;;0;
OBIQ;AQI1;1QUI304;M;CFGS;1º;1;LINS;;3;6;1;0;;0;
OBIQ;AQI1;1QUI304;M;CFGS;1º;1;A206;;2;6;1;0;;0;
IPEI;FO13;1VSSC306;V;CFGS;1º;1;LINS;;2;10;1;0;;0;
IPEI;FO13;1VSSC306;V;CFGS;1º;1;LINS;;2;11;1;0;;0;
IPEI;FO13;1VSSC306;V;CFGS;1º;1;LINS;;4;12;1;0;;0;
IPEI;FO12;1VFME301;V;CFGS;1º;2;A002;;1;9;1;0;;0;
IPEI;FO12;1VFME301;V;CFGS;1º;2;A002;;1;10;1;0;;0;
IPEI;FO12;1VFME301;V;CFGS;1º;2;A002;;3;8;1;0;;0;
FSEP;EF10;1VAFD302;V;CFGS;1º;1;APOL;;4;12;1;0;;0;
FSEP;EF10;1VAFD302;V;CFGS;1º;1;APOL;;4;13;1;0;;0;
FSEP;EF10;1VAFD302;V;CFGS;1º;1;APOL;;1;13;1;0;;0;
IPEI;FO13;1VCOM302;V;CFGS;1º;1;A314;;3;12;1;0;;0;
IPEI;FO13;1VCOM302;V;CFGS;1º;1;A314;;3;13;1;0;;0;
IPEI;FO13;1VCOM302;V;CFGS;1º;1;A314;;1;10;1;0;;0;
IPEI;FO13;1VAFD302;V;CFGS;1º;1;APOL;;1;8;1;0;;0;
IPEI;FO13;1VAFD302;V;CFGS;1º;1;APOL;;1;9;1;0;;0;
IPEI;FO13;1VAFD302;V;CFGS;1º;1;APOL;;3;10;1;0;;0;
IPEI;FO01;1FME304;M;CFGS;1º;1;A306;;3;5;1;0;;0;
IPEI;FO01;1FME304;M;CFGS;1º;1;A306;;3;6;1;0;;0;
IPEI;FO01;1FME304;M;CFGS;1º;1;A003;;5;4;1;0;;0;
IPEI;FO14;1VIFC303;V;CFGS;1º;1;A306;;2;12;1;0;;0;
IPEI;FO14;1VIFC303;V;CFGS;1º;1;A306;;2;13;1;0;;0;
IPEI;FO14;1VIFC303;V;CFGS;1º;1;A306;;1;11;1;0;;0;
IPEI;FO11;1ADG201;M;CFGM;1º;1;A203;;2;1;1;0;;0;
IPEI;FO11;1ADG201;M;CFGM;1º;1;A203;;2;2;1;0;;0;
IPEI;FO11;1ADG201;M;CFGM;1º;1;A203;;3;2;1;0;;0;
PSAF;MM24;1FME301;M;CFGS;1º;1;LNEU;;3;1;1;0;;0;
PSAF;MM24;1FME301;M;CFGS;1º;1;LNEU;;3;2;1;0;;0;
PSAF;MM24;1FME301;M;CFGS;1º;1;LNEU;;2;6;1;0;;0;
IPEI;FO09;1COM303;M;CFGS;1º;1;A312;;1;1;1;0;;0;
IPEI;FO09;1COM303;M;CFGS;1º;1;A312;;1;2;1;0;;0;
IPEI;FO09;1COM303;M;CFGS;1º;1;A312;;2;5;1;0;;0;
IPEI;FO09;1COM201;M;CFGM;1º;1;A311;;4;5;1;0;;0;
IPEI;FO09;1COM201;M;CFGM;1º;1;A311;;4;6;1;0;;0;
IPEI;FO09;1COM201;M;CFGM;1º;1;A311;;1;5;1;0;;0;
ENDES;INF8;1VIFC303;V;CFGS;1º;1;A306;;4;12;1;0;;0;
ENDES;INF8;1VIFC303;V;CFGS;1º;1;A306;;4;13;1;0;;0;
ENDES;INF8;1VIFC303;V;CFGS;1º;1;A306;;2;10;1;0;;0;
ENDES;INF8;1VIFC302;V;CFGS;1º;2;A204;;5;10;1;0;;0;
ENDES;INF8;1VIFC302;V;CFGS;1º;2;A204;;5;11;1;0;;0;
ENDES;INF8;1VIFC302;V;CFGS;1º;2;A204;;4;11;1;0;;0;
LMSGI;INF8;1VIFC302;V;CFGS;1º;2;A204;;3;10;1;0;;0;
LMSGI;INF8;1VIFC302;V;CFGS;1º;2;A204;;3;11;1;0;;0;
LMSGI;INF8;1VIFC302;V;CFGS;1º;2;A204;;1;13;1;0;;0;
LMSG;INF8;1VIFC303;V;CFGS;1º;1;A306;;2;8;1;0;;0;
LMSG;INF8;1VIFC303;V;CFGS;1º;1;A306;;2;9;1;0;;0;
LMSG;INF8;1VIFC303;V;CFGS;1º;1;A306;;1;8;1;0;;0;
RET;FO03;2MSP34;M;CFGS;2º;1;A104;;4;5;1;0;;0;
RET;FO03;2MSP34;M;CFGS;2º;1;A104;;4;6;1;0;;0;
RET;FO03;2MSP34;M;CFGS;2º;1;A104;;5;4;1;0;;0;
TECON;AE2;1ADG201;M;CFGM;1º;1;A203;;4;3;1;0;;0;
TECON;AE2;1ADG201;M;CFGM;1º;1;A203;;4;4;1;0;;0;
TECON;AE2;1ADG201;M;CFGM;1º;1;A203;;2;3;1;0;;0;
GCO;PC3;1COM201;M;CFGM;1º;1;A311;;2;3;1;0;;0;
GCO;PC3;1COM201;M;CFGM;1º;1;A311;;2;4;1;0;;0;
GCO;PC3;1COM201;M;CFGM;1º;1;A311;;1;6;1;0;;0;
MMSE;OF26;1VIMA401;V;CES;1º;1;A101;;1;10;1;0;;0;
MMSE;OF26;1VIMA401;V;CES;1º;1;A101;;1;11;1;0;;0;
MMSE;OF26;1VIMA401;V;CES;1º;1;A101;;2;12;1;0;;0;
IG;OF10;1VFME203;V;CFGM;1º;2;LENS;;5;12;1;0;;0;
IG;OF10;1VFME203;V;CFGM;1º;2;LENS;;5;13;1;0;;0;
IG;OF10;1VFME203;V;CFGM;1º;2;LREF;;4;10;1;0;;0;
IG;OF10;1VFME203;V;CFGM;1º;2;LENS;;4;11;1;0;;0;
PM;OF07;1FME202;M;CFGM;1º;1;LINS;;2;1;1;0;;0;
PM;OF07;1FME202;M;CFGM;1º;1;LINS;;2;2;1;0;;0;
PM;OF07;1FME202;M;CFGM;1º;1;LINS;;1;4;1;0;;0;
PM;OF07;1FME202;M;CFGM;1º;1;LINS;;1;5;1;0;;0;
IG;OF01;1FME304;M;CFGS;1º;1;OT3;;4;1;1;0;;0;
IG;OF01;1FME304;M;CFGS;1º;1;OT3;;1;1;1;0;;0;
IG;OF01;1FME304;M;CFGS;1º;1;OT3;;5;5;1;0;;0;
IG;OF01;1FME304;M;CFGS;1º;1;OT3;;5;6;1;0;;0;
AFDI;EF5;1AFD301;M;CFGS;1º;1;PILL;;1;5;1;0;;0;
AFDI;EF5;1AFD301;M;CFGS;1º;1;PILL;;1;6;1;0;;0;
AFDI;EF5;1AFD301;M;CFGS;1º;1;PILL;;4;5;1;0;;0;
AFDI;EF5;1AFD301;M;CFGS;1º;1;PILL;;4;6;1;0;;0;
EIE;FO08;2AFD301;M;CFGS;2º;1;A005;;3;4;1;0;;0;
EIE;FO08;2AFD301;M;CFGS;2º;1;A005;;3;5;1;0;;0;
EIE;FO08;2AFD301;M;CFGS;2º;1;OTREF;;1;1;1;0;;0;
EIE;FO08;2AFD301;M;CFGS;2º;1;OTREF;;1;2;1;0;;0;
SEE;IE1;1VIMA302;V;CFGS;1º;2;TELE;;3;8;1;0;;0;
SEE;IE1;1VIMA302;V;CFGS;1º;2;TELE;;3;9;1;0;;0;
SEE;IE1;1VIMA302;V;CFGS;1º;2;TELE;;1;9;1;0;;0;
SEE;IE1;1VIMA302;V;CFGS;1º;2;TELE;;1;10;1;0;;0;
EDEC;PC5;2VCOM302;V;CFGS;2º;2;A313;;5;10;1;0;;0;
EDEC;PC5;2VCOM302;V;CFGS;2º;2;A313;;5;11;1;0;;0;
EDEC;PC5;2VCOM302;V;CFGS;2º;2;A313;;3;12;1;0;;0;
EDEC;PC5;2VCOM302;V;CFGS;2º;2;A313;;3;13;1;0;;0;
EIE;FO12;2VFME203;V;CFGM;2º;2;A005;;5;12;1;0;;0;
EIE;FO12;2VFME203;V;CFGM;2º;2;A005;;5;13;1;0;;0;
EIE;FO12;2VFME203;V;CFGM;2º;2;A005;;2;8;1;0;;0;
EIE;FO12;2VFME203;V;CFGM;2º;2;A005;;2;9;1;0;;0;
OEV;OGC11;2VCOM302;V;CFGS;2º;2;A313;;4;10;1;0;;0;
OEV;OGC11;2VCOM302;V;CFGS;2º;2;A313;;4;11;1;0;;0;
OEV;OGC11;2VCOM302;V;CFGS;2º;2;A313;;2;11;1;0;;0;
OEV;OGC11;2VCOM302;V;CFGS;2º;2;A313;;2;12;1;0;;0;
TTL;EF9;1AFD201;M;CFGM;1º;1;POL2;;3;6;1;0;;0;
TTL;EF9;1AFD201;M;CFGM;1º;1;A002;;4;4;1;0;;0;
TTL;EF9;1AFD201;M;CFGM;1º;1;APOL;;4;5;1;0;;0;
TTL;EF9;1AFD201;M;CFGM;1º;1;APOL;;4;6;1;0;;0;
SIMR;SAI4;1VIFC303;V;CFGS;1º;1;A306;;5;12;1;0;;0;
SIMR;SAI4;1VIFC303;V;CFGS;1º;1;A306;;5;13;1;0;;0;
SIMR;SAI4;1VIFC303;V;CFGS;1º;1;A306;;3;12;1;0;;0;
SIMR;SAI4;1VIFC303;V;CFGS;1º;1;A306;;3;13;1;0;;0;
CPBMF;EF4;2VAFD302;V;CFGS;2º;1;POL2;;1;11;1;0;;0;
CPBMF;EF4;2VAFD302;V;CFGS;2º;1;POL2;;1;12;1;0;;0;
CPBMF;EF4;2VAFD302;V;CFGS;2º;1;POL2;;3;12;1;0;;0;
CPBMF;EF4;2VAFD302;V;CFGS;2º;1;POL2;;3;13;1;0;;0;
IG;OF12;1FME202;M;CFGM;1º;1;LREF;;5;1;1;0;;0;
IG;OF12;1FME202;M;CFGM;1º;1;LREF;;5;2;1;0;;0;
IG;OF12;1FME202;M;CFGM;1º;1;LREF;;2;3;1;0;;0;
IG;OF12;1FME202;M;CFGM;1º;1;LREF;;3;4;1;0;;0;
SIMR;SAI5;1VIFC302;V;CFGS;1º;2;A204;;2;10;1;0;;0;
SIMR;SAI5;1VIFC302;V;CFGS;1º;2;A204;;2;11;1;0;;0;
SIMR;SAI5;1VIFC302;V;CFGS;1º;2;A204;;4;12;1;0;;0;
SIMR;SAI5;1VIFC302;V;CFGS;1º;2;A204;;4;13;1;0;;0;
AFA;OF04;1FME302;M;CFGS;1º;1;LNEU;;3;5;1;0;;0;
AFA;OF04;1FME302;M;CFGS;1º;1;LNEU;;3;6;1;0;;0;
AFA;OF04;1FME302;M;CFGS;1º;1;LNEU;;2;1;1;0;;0;
AFA;OF04;1FME302;M;CFGS;1º;1;LNEU;;2;2;1;0;;0;
EDV;ISC;1VSSC306;V;CFGS;1º;1;LINS;;5;12;1;0;;0;
EDV;ISC;1VSSC306;V;CFGS;1º;1;LINS;;5;13;1;0;;0;
EDV;ISC;1VSSC306;V;CFGS;1º;1;LINS;;4;10;1;0;;0;
EDV;ISC;1VSSC306;V;CFGS;1º;1;LINS;;4;11;1;0;;0;
SHN;MM21;1VIMA302;V;CFGS;1º;2;LNEU;;5;8;1;0;;0;
SHN;MM21;1VIMA302;V;CFGS;1º;2;LNEU;;5;9;1;0;;0;
SHN;MM21;1VIMA302;V;CFGS;1º;2;LNEU;;2;12;1;0;;0;
SHN;MM21;1VIMA302;V;CFGS;1º;2;LNEU;;2;13;1;0;;0;
IG;OF12;1FME203;M;CFGM;1º;1;A307;;1;4;1;0;;0;
IG;OF12;1FME203;M;CFGM;1º;1;A307;;1;5;1;0;;0;
IG;OF12;1FME203;M;CFGM;1º;1;LREF;;3;1;1;0;;0;
IG;OF12;1FME203;M;CFGM;1º;1;LREF;;3;2;1;0;;0;
FSEP;EF10;1VAFD302;V;CFGS;1º;1;POL1;;5;8;1;0;;0;
FSEP;EF10;1VAFD302;V;CFGS;1º;1;POL1;;5;9;1;0;;0;
FSEP;EF10;1VAFD302;V;CFGS;1º;1;POL1;;3;8;1;0;;0;
FSEP;EF10;1VAFD302;V;CFGS;1º;1;POL1;;3;9;1;0;;0;
SA;MM21;1FME202;M;CFGM;1º;1;LNEU;;1;2;1;0;;0;
SA;MM21;1FME202;M;CFGM;1º;1;LNEU;;1;3;1;0;;0;
SA;MM21;1FME202;M;CFGM;1º;1;LNEU;;4;2;1;0;;0;
SA;MM21;1FME202;M;CFGM;1º;1;LNEU;;4;3;1;0;;0;
OBIQ;AQI1;1QUI304;M;CFGS;1º;1;A207;;4;3;1;0;;0;
OBIQ;AQI1;1QUI304;M;CFGS;1º;1;A207;;4;4;1;0;;0;
OBIQ;AQI1;1QUI304;M;CFGS;1º;1;A207;;1;1;1;0;;0;
OBIQ;AQI1;1QUI304;M;CFGS;1º;1;A207;;1;2;1;0;;0;
CPBMF;EF4;2VAFD302;V;CFGS;2º;1;ACRO;;2;8;1;0;;0;
CPBMF;EF4;2VAFD302;V;CFGS;2º;1;ACRO;;2;9;1;0;;0;
CPBMF;EF4;2VAFD302;V;CFGS;2º;1;ACRO;;4;8;1;0;;0;
CPBMF;EF4;2VAFD302;V;CFGS;2º;1;ACRO;;4;9;1;0;;0;
CIFC;OSE1;2IMA204;M;CFGM;2º;1;OTREF;;1;6;1;0;;0;
CIFC;OSE1;2IMA204;M;CFGM;2º;1;OTREF;;5;6;1;0;;0;
CIFC;OSE1;2IMA204;M;CFGM;2º;1;LREF;;1;4;1;0;;0;
CIFC;OSE1;2IMA204;M;CFGM;2º;1;LREF;;1;5;1;0;;0;
SSM;OF23;2IMA302;M;CFGS;2º;1;LAUT;;4;5;1;0;;0;
SSM;OF23;2IMA302;M;CFGS;2º;1;LAUT;;4;6;1;0;;0;
SSM;OF23;2IMA302;M;CFGS;2º;1;LAUT;;2;1;1;0;;0;
SSM;OF23;2IMA302;M;CFGS;2º;1;LAUT;;2;2;1;0;;0;
EAE;SEA1;1IMA201;M;CFGM;1º;1;TELE;;4;1;1;0;;0;
EAE;SEA1;1IMA201;M;CFGM;1º;1;TELE;;4;2;1;0;;0;
EAE;SEA1;1IMA201;M;CFGM;1º;1;TELE;;3;2;1;0;;0;
EAE;SEA1;1IMA201;M;CFGM;1º;1;TELE;;3;3;1;0;;0;
AIC;PC2;1COM201;M;CFGM;1º;1;A311;;5;3;1;0;;0;
AIC;PC2;1COM201;M;CFGM;1º;1;A311;;5;4;1;0;;0;
AIC;PC2;1COM201;M;CFGM;1º;1;A311;;3;5;1;0;;0;
AIC;PC2;1COM201;M;CFGM;1º;1;A311;;3;6;1;0;;0;
IC;OGC8;1VCOM304;V;CFGS;1º;1;A312;;4;8;1;0;;0;
IC;OGC8;1VCOM304;V;CFGS;1º;1;A312;;4;9;1;0;;0;
IC;OGC8;1VCOM304;V;CFGS;1º;1;A312;;2;12;1;0;;0;
IC;OGC8;1VCOM304;V;CFGS;1º;1;A312;;2;13;1;0;;0;
IC;OGC8;1VCOM302;V;CFGS;1º;1;A314;;4;10;1;0;;0;
IC;OGC8;1VCOM302;V;CFGS;1º;1;A314;;4;11;1;0;;0;
IC;OGC8;1VCOM302;V;CFGS;1º;1;A314;;5;12;1;0;;0;
IC;OGC8;1VCOM302;V;CFGS;1º;1;A314;;5;13;1;0;;0;
GACI;OGC3;1COM303;M;CFGS;1º;1;A312;;4;3;1;0;;0;
GACI;OGC3;1COM303;M;CFGS;1º;1;A312;;4;4;1;0;;0;
GACI;OGC3;1COM303;M;CFGS;1º;1;A312;;5;5;1;0;;0;
GACI;OGC3;1COM303;M;CFGS;1º;1;A312;;5;6;1;0;;0;
LAL;PC3;1COM303;M;CFGS;1º;1;A312;;1;4;1;0;;0;
LAL;PC3;1COM303;M;CFGS;1º;1;A312;;1;5;1;0;;0;
LAL;PC3;1COM303;M;CFGS;1º;1;A312;;3;1;1;0;;0;
LAL;PC3;1COM303;M;CFGS;1º;1;A312;;3;2;1;0;;0;
LAL;PC3;1COM301;M;CFGS;1º;1;A314;;4;5;1;0;;0;
LAL;PC3;1COM301;M;CFGS;1º;1;A314;;4;6;1;0;;0;
LAL;PC3;1COM301;M;CFGS;1º;1;A314;;2;5;1;0;;0;
LAL;PC3;1COM301;M;CFGS;1º;1;A314;;2;6;1;0;;0;
EIE;FO06;2IMA204;M;CFGM;2º;1;A004;;3;5;1;0;;0;
EIE;FO06;2IMA204;M;CFGM;2º;1;A004;;3;6;1;0;;0;
EIE;FO06;2IMA204;M;CFGM;2º;1;A004;;3;4;1;0;;0;
EIE;FO06;2IMA204;M;CFGM;2º;1;LREF;;2;4;1;0;;0;
MCNCM;FIC2;2MAM202;M;CFGM;2º;1;TMA2;;3;1;1;0;;0;
MCNCM;FIC2;2MAM202;M;CFGM;2º;1;TMA2;;3;2;1;0;;0;
MCNCM;FIC2;2MAM202;M;CFGM;2º;1;TMA2;;1;1;1;0;;0;
MCNCM;FIC2;2MAM202;M;CFGM;2º;1;TMA2;;1;2;1;0;;0;
MII;OF08;1VIMA401;V;CES;1º;1;A101;;2;8;1;0;;0;
MII;OF08;1VIMA401;V;CES;1º;1;A101;;2;9;1;0;;0;
MII;OF08;1VIMA401;V;CES;1º;1;A101;;3;11;1;0;;0;
MII;OF08;1VIMA401;V;CES;1º;1;A101;;3;12;1;0;;0;
PRIA;INF9;1VIFC403;V;CES;1º;1;A205;;4;11;1;0;;0;
PRIA;INF9;1VIFC403;V;CES;1º;1;A205;;4;12;1;0;;0;
PRIA;INF9;1VIFC403;V;CES;1º;1;A205;;5;11;1;0;;0;
PRIA;INF9;1VIFC403;V;CES;1º;1;A205;;5;12;1;0;;0;
TICE;SAI3;1MSP34;M;CFGS;1º;1;A103;;1;3;1;0;;0;
TICE;SAI3;1MSP34;M;CFGS;1º;1;A103;;1;4;1;0;;0;
TICE;SAI3;1MSP34;M;CFGS;1º;1;A103;;2;5;1;0;;0;
TICE;SAI3;1MSP34;M;CFGS;1º;1;A103;;2;6;1;0;;0;
SSM;OF21;2VIMA302;V;CFGS;2º;2;LAUT;;4;12;1;0;;0;
SSM;OF21;2VIMA302;V;CFGS;2º;2;LAUT;;4;13;1;0;;0;
SSM;OF21;2VIMA302;V;CFGS;2º;2;LAUT;;2;8;1;0;;0;
SSM;OF21;2VIMA302;V;CFGS;2º;2;LAUT;;2;9;1;0;;0;
SAC;PC1;2COM201;M;CFGM;2º;2;A313;;1;3;1;0;;0;
SAC;PC1;2COM201;M;CFGM;2º;2;A313;;1;4;1;0;;0;
SAC;PC1;2COM201;M;CFGM;2º;2;A313;;2;5;1;0;;0;
SAC;PC1;2COM201;M;CFGM;2º;2;A313;;2;6;1;0;;0;
GACI;OGC5;1COM301;M;CFGS;1º;1;A314;;1;4;1;0;;0;
GACI;OGC5;1COM301;M;CFGS;1º;1;A314;;1;5;1;0;;0;
GACI;OGC5;1COM301;M;CFGS;1º;1;A314;;5;3;1;0;;0;
GACI;OGC5;1COM301;M;CFGS;1º;1;A314;;5;4;1;0;;0;
RQ;AQI4;2QUI304;M;CFGS;2º;1;A207;;1;4;1;0;;0;
RQ;AQI4;2QUI304;M;CFGS;2º;1;A207;;1;5;1;0;;0;
RQ;AQI4;2QUI304;M;CFGS;2º;1;A206;;5;1;1;0;;0;
RQ;AQI4;2QUI304;M;CFGS;2º;1;A207;;5;2;1;0;;0;
SEE;IE1;1IMA302;M;CFGS;1º;1;TELE;;4;5;1;0;;0;
SEE;IE1;1IMA302;M;CFGS;1º;1;TELE;;4;6;1;0;;0;
SEE;IE1;1IMA302;M;CFGS;1º;1;TELE;;2;5;1;0;;0;
SEE;IE1;1IMA302;M;CFGS;1º;1;TELE;;2;6;1;0;;0;
TCIC;PC10;2VCOM304;V;CFGS;2º;1;A310;;3;8;1;0;;0;
TCIC;PC10;2VCOM304;V;CFGS;2º;1;A310;;3;9;1;0;;0;
TCIC;PC10;2VCOM304;V;CFGS;2º;1;A310;;1;8;1;0;;0;
TCIC;PC10;2VCOM304;V;CFGS;2º;1;A310;;1;9;1;0;;0;
SIMC;PC10;2COM301;M;CFGS;2º;1;A310;;2;5;1;0;;0;
SIMC;PC10;2COM301;M;CFGS;2º;1;A310;;2;6;1;0;;0;
SIMC;PC10;2COM301;M;CFGS;2º;1;A310;;4;1;1;0;;0;
SIMC;PC10;2COM301;M;CFGS;2º;1;A310;;4;2;1;0;;0;
ACCU;PC10;2VCOM304;V;CFGS;2º;1;A310;;1;12;1;0;;0;
ACCU;PC10;2VCOM304;V;CFGS;2º;1;A310;;1;13;1;0;;0;
ACCU;PC10;2VCOM304;V;CFGS;2º;1;A310;;5;9;1;0;;0;
ACCU;PC10;2VCOM304;V;CFGS;2º;1;A310;;5;10;1;0;;0;
DPCM;OF02;1FME301;M;CFGS;1º;1;OT2;;5;3;1;0;;0;
DPCM;OF02;1FME301;M;CFGS;1º;1;OT2;;5;4;1;0;;0;
DPCM;OF02;1FME301;M;CFGS;1º;1;OT2;;2;3;1;0;;0;
DPCM;OF02;1FME301;M;CFGS;1º;1;OT2;;1;3;1;0;;0;
EIE;FO01;2FME302;M;CFGS;2º;1;A003;;3;3;1;0;;0;
EIE;FO01;2FME302;M;CFGS;2º;1;A003;;3;4;1;0;;0;
EIE;FO01;2FME302;M;CFGS;2º;1;A003;;5;6;1;0;;0;
EIE;FO01;2FME302;M;CFGS;2º;1;A003;;4;4;1;0;;0;
OACV;PGA4;1ADG201;M;CFGM;1º;1;A203;;5;1;1;0;;0;
OACV;PGA4;1ADG201;M;CFGM;1º;1;A203;;5;2;1;0;;0;
OACV;PGA4;1ADG201;M;CFGM;1º;1;A203;;3;6;1;0;;0;
OACV;PGA4;1ADG201;M;CFGM;1º;1;A203;;1;4;1;0;;0;
EIE;FO01;2FME304;M;CFGS;2º;1;A004;;1;1;1;0;;0;
EIE;FO01;2FME304;M;CFGS;2º;1;A004;;1;2;1;0;;0;
EIE;FO01;2FME304;M;CFGS;2º;1;A003;;2;1;1;0;;0;
EIE;FO01;2FME304;M;CFGS;2º;1;A003;;3;1;1;0;;0;
EIE;FO05;2FME203;M;CFGM;2º;1;A004;;4;1;1;0;;0;
EIE;FO05;2FME203;M;CFGM;2º;1;A004;;4;2;1;0;;0;
EIE;FO05;2FME203;M;CFGM;2º;1;A004;;4;3;1;0;;0;
EIE;FO05;2FME203;M;CFGM;2º;1;A005;;3;6;1;0;;0;
GLC;PGA5;2ADG301;M;CFGS;2º;1;A201;;1;1;1;0;;0;
GLC;PGA5;2ADG301;M;CFGS;2º;1;A201;;1;2;1;0;;0;
GLC;PGA5;2ADG301;M;CFGS;2º;1;A201;;3;6;1;0;;0;
GLC;PGA5;2ADG301;M;CFGS;2º;1;A201;;4;3;1;0;;0;
EIE;FO14;2VIFC302;V;CFGS;2º;2;A302;;3;10;1;0;;0;
EIE;FO14;2VIFC302;V;CFGS;2º;2;A302;;3;11;1;0;;0;
EIE;FO14;2VIFC302;V;CFGS;2º;2;A302;;1;12;1;0;;0;
EIE;FO14;2VIFC302;V;CFGS;2º;2;A302;;1;13;1;0;;0;
MAT;PPM2;1MAM202;M;CFGM;1º;1;A303;;3;4;1;0;;0;
MAT;PPM2;1MAM202;M;CFGM;1º;1;A303;;4;3;1;0;;0;
MAT;PPM2;1MAM202;M;CFGM;1º;1;A303;;5;6;1;0;;0;
MAT;PPM2;1MAM202;M;CFGM;1º;1;A305;;1;6;1;0;;0;
DPCM;OF06;1VFME301;V;CFGS;1º;2;OT1;;5;12;1;0;;0;
DPCM;OF06;1VFME301;V;CFGS;1º;2;OT1;;5;13;1;0;;0;
DPCM;OF06;1VFME301;V;CFGS;1º;2;OT1;;4;11;1;0;;0;
DPCM;OF06;1VFME301;V;CFGS;1º;2;OT1;;2;12;1;0;;0;
EIE;FO01;2FME301;M;CFGS;2º;1;A003;;4;1;1;0;;0;
EIE;FO01;2FME301;M;CFGS;2º;1;A003;;4;2;1;0;;0;
EIE;FO01;2FME301;M;CFGS;2º;1;A003;;2;4;1;0;;0;
EIE;FO01;2FME301;M;CFGS;2º;1;A003;;1;3;1;0;;0;
SIMR;SAI2;1IFC303;M;CFGS;1º;1;A204;;2;3;1;0;;0;
SIMR;SAI2;1IFC303;M;CFGS;1º;1;A204;;2;4;1;0;;0;
SIMR;SAI2;1IFC303;M;CFGS;1º;1;A204;;1;5;1;0;;0;
SIMR;SAI2;1IFC303;M;CFGS;1º;1;A204;;1;6;1;0;;0;
EIE;FO07;2FME202;M;CFGM;2º;1;A004;;5;4;1;0;;0;
EIE;FO07;2FME202;M;CFGM;2º;1;A004;;1;4;1;0;;0;
EIE;FO07;2FME202;M;CFGM;2º;1;A004;;1;6;1;0;;0;
EIE;FO07;2FME202;M;CFGM;2º;1;A004;;1;5;1;0;;0;
EIE;FO07;2MAM202;M;CFGM;2º;1;A002;;3;4;1;0;;0;
EIE;FO07;2MAM202;M;CFGM;2º;1;A004;;5;5;1;0;;0;
EIE;FO07;2MAM202;M;CFGM;2º;1;A004;;5;6;1;0;;0;
EIE;FO07;2MAM202;M;CFGM;2º;1;A004;;4;6;1;0;;0;
CDI;PC9;2COM301;M;CFGS;2º;1;A310;;1;3;1;0;;0;
CDI;PC9;2COM301;M;CFGS;2º;1;A310;;1;4;1;0;;0;
CDI;PC9;2COM301;M;CFGS;2º;1;A310;;3;6;1;0;;0;
GCPRL;OF09;2FME304;M;CFGS;2º;1;OT3;;3;4;1;0;;0;
GCPRL;OF09;2FME304;M;CFGS;2º;1;OT3;;3;5;1;0;;0;
GCPRL;OF09;2FME304;M;CFGS;2º;1;OT3;;5;1;1;0;;0;
GCPRL;OF09;2FME304;M;CFGS;2º;1;A306;;4;3;1;0;;0;
GCPRL;OF09;2FME304;M;CFGS;2º;1;OT3;;3;6;1;0;;0;
METER;OSE1;1IMA204;M;CFGM;1º;1;OTREF;;3;3;1;0;;0;
METER;OSE1;1IMA204;M;CFGM;1º;1;OTREF;;3;4;1;0;;0;
METER;OSE1;1IMA204;M;CFGM;1º;1;OTREF;;4;4;1;0;;0;
METER;OSE1;1IMA204;M;CFGM;1º;1;OTREF;;4;5;1;0;;0;
METER;OSE1;1IMA204;M;CFGM;1º;1;OT3;;5;3;1;0;;0;
SEV;ESP;1VSSC306;V;CFGS;1º;1;LINS;;2;12;1;0;;0;
SEV;ESP;1VSSC306;V;CFGS;1º;1;LINS;;2;13;1;0;;0;
SEV;ESP;1VSSC306;V;CFGS;1º;1;LINS;;5;8;1;0;;0;
SEV;ESP;1VSSC306;V;CFGS;1º;1;LINS;;5;9;1;0;;0;
SEV;ESP;1VSSC306;V;CFGS;1º;1;LINS;;4;13;1;0;;0;
BADA;INF2;1VIFC302;V;CFGS;1º;2;A204;;3;8;1;0;;0;
BADA;INF2;1VIFC302;V;CFGS;1º;2;A204;;3;9;1;0;;0;
BADA;INF2;1VIFC302;V;CFGS;1º;2;A204;;2;12;1;0;;0;
BADA;INF2;1VIFC302;V;CFGS;1º;2;A204;;2;13;1;0;;0;
BADA;INF2;1VIFC302;V;CFGS;1º;2;A204;;1;11;1;0;;0;
LAP;PC4;2VCOM302;V;CFGS;2º;2;A313;;3;8;1;0;;0;
LAP;PC4;2VCOM302;V;CFGS;2º;2;A313;;3;9;1;0;;0;
LAP;PC4;2VCOM302;V;CFGS;2º;2;A313;;1;10;1;0;;0;
LAP;PC4;2VCOM302;V;CFGS;2º;2;A313;;1;11;1;0;;0;
LAP;PC4;2VCOM302;V;CFGS;2º;2;A313;;3;10;1;0;;0;
MPI;OGC9;2COM301;M;CFGS;2º;1;A310;;5;3;1;0;;0;
MPI;OGC9;2COM301;M;CFGS;2º;1;A310;;5;4;1;0;;0;
MPI;OGC9;2COM301;M;CFGS;2º;1;A310;;1;5;1;0;;0;
MPI;OGC9;2COM301;M;CFGS;2º;1;A310;;1;6;1;0;;0;
MPI;OGC9;2COM301;M;CFGS;2º;1;A310;;3;2;1;0;;0;
VCFIA;EF11;1VAFD302;V;CFGS;1º;1;APOL;;3;12;1;0;;0;
VCFIA;EF11;1VAFD302;V;CFGS;1º;1;APOL;;3;13;1;0;;0;
VCFIA;EF11;1VAFD302;V;CFGS;1º;1;APOL;;2;12;1;0;;0;
VCFIA;EF11;1VAFD302;V;CFGS;1º;1;APOL;;2;13;1;0;;0;
VCFIA;EF11;1VAFD302;V;CFGS;1º;1;APOL;;4;11;1;0;;0;
OTV;OGC9;2COM303;M;CFGS;2º;1;A309;;1;3;1;0;;0;
OTV;OGC9;2COM303;M;CFGS;2º;1;A309;;1;4;1;0;;0;
OTV;OGC9;2COM303;M;CFGS;2º;1;A309;;4;1;1;0;;0;
OTV;OGC9;2COM303;M;CFGS;2º;1;A309;;4;2;1;0;;0;
OTV;OGC9;2COM303;M;CFGS;2º;1;A309;;5;6;1;0;;0;
GPPPV;OGC11;2VCOM302;V;CFGS;2º;2;A313;;5;12;1;0;;0;
GPPPV;OGC11;2VCOM302;V;CFGS;2º;2;A313;;5;13;1;0;;0;
GPPPV;OGC11;2VCOM302;V;CFGS;2º;2;A313;;4;12;1;0;;0;
GPPPV;OGC11;2VCOM302;V;CFGS;2º;2;A313;;4;13;1;0;;0;
GPPPV;OGC11;2VCOM302;V;CFGS;2º;2;A313;;3;11;1;0;;0;
PGMC;OF22;2IMA302;M;CFGS;2º;1;A101;;4;1;1;0;;0;
PGMC;OF22;2IMA302;M;CFGS;2º;1;A101;;4;2;1;0;;0;
PGMC;OF22;2IMA302;M;CFGS;2º;1;A101;;3;1;1;0;;0;
PGMC;OF22;2IMA302;M;CFGS;2º;1;A101;;3;2;1;0;;0;
PGMC;OF22;2IMA302;M;CFGS;2º;1;A101;;5;4;1;0;;0;
FAAT;EF5;1AFD301;M;CFGS;1º;1;POL1;;3;4;1;0;;0;
FAAT;EF5;1AFD301;M;CFGS;1º;1;POL1;;3;5;1;0;;0;
FAAT;EF5;1AFD301;M;CFGS;1º;1;POL1;;5;1;1;0;;0;
FAAT;EF5;1AFD301;M;CFGS;1º;1;POL1;;5;2;1;0;;0;
FAAT;EF5;1AFD301;M;CFGS;1º;1;POL1;;1;4;1;0;;0;
BADA;INF2;1VIFC303;V;CFGS;1º;1;A306;;3;10;1;0;;0;
BADA;INF2;1VIFC303;V;CFGS;1º;1;A306;;3;11;1;0;;0;
BADA;INF2;1VIFC303;V;CFGS;1º;1;A306;;5;10;1;0;;0;
BADA;INF2;1VIFC303;V;CFGS;1º;1;A306;;5;11;1;0;;0;
BADA;INF2;1VIFC303;V;CFGS;1º;1;A306;;2;11;1;0;;0;
PVE;OGC4;1COM201;M;CFGM;1º;1;A311;;3;1;1;0;;0;
PVE;OGC4;1COM201;M;CFGM;1º;1;A311;;3;2;1;0;;0;
PVE;OGC4;1COM201;M;CFGM;1º;1;A311;;1;2;1;0;;0;
PVE;OGC4;1COM201;M;CFGM;1º;1;A311;;1;3;1;0;;0;
PVE;OGC4;1COM201;M;CFGM;1º;1;A311;;4;3;1;0;;0;
CE;PC2;2COM201;M;CFGM;2º;2;A313;;5;1;1;0;;0;
CE;PC2;2COM201;M;CFGM;2º;2;A313;;5;2;1;0;;0;
CE;PC2;2COM201;M;CFGM;2º;2;A313;;1;1;1;0;;0;
CE;PC2;2COM201;M;CFGM;2º;2;A313;;1;2;1;0;;0;
CE;PC2;2COM201;M;CFGM;2º;2;A313;;3;1;1;0;;0;
CTL;OGC7;2COM303;M;CFGS;2º;1;A309;;3;5;1;0;;0;
CTL;OGC7;2COM303;M;CFGS;2º;1;A309;;3;6;1;0;;0;
CTL;OGC7;2COM303;M;CFGS;2º;1;A309;;2;5;1;0;;0;
CTL;OGC7;2COM303;M;CFGS;2º;1;A309;;2;6;1;0;;0;
CTL;OGC7;2COM303;M;CFGS;2º;1;A309;;5;3;1;0;;0;
PIAC;AE3;1ADG301;M;CFGS;1º;1;A202;;4;3;1;0;;0;
PIAC;AE3;1ADG301;M;CFGS;1º;1;A202;;4;4;1;0;;0;
PIAC;AE3;1ADG301;M;CFGS;1º;1;A202;;3;4;1;0;;0;
PIAC;AE3;1ADG301;M;CFGS;1º;1;A202;;3;5;1;0;;0;
PIAC;AE3;1ADG301;M;CFGS;1º;1;A202;;1;4;1;0;;0;
POM;OGC1;1VCOM304;V;CFGS;1º;1;A312;;3;12;1;0;;0;
POM;OGC1;1VCOM304;V;CFGS;1º;1;A312;;3;13;1;0;;0;
POM;OGC1;1VCOM304;V;CFGS;1º;1;A312;;5;11;1;0;;0;
POM;OGC1;1VCOM304;V;CFGS;1º;1;A312;;5;12;1;0;;0;
POM;OGC1;1VCOM304;V;CFGS;1º;1;A312;;1;12;1;0;;0;
POM;OGC1;1VCOM304;V;CFGS;1º;1;A312;;1;13;1;0;;0;
LAL;PC5;2VCOM302;V;CFGS;2º;2;A313;;5;8;1;0;;0;
LAL;PC5;2VCOM302;V;CFGS;2º;2;A313;;5;9;1;0;;0;
LAL;PC5;2VCOM302;V;CFGS;2º;2;A313;;4;8;1;0;;0;
LAL;PC5;2VCOM302;V;CFGS;2º;2;A313;;4;9;1;0;;0;
LAL;PC5;2VCOM302;V;CFGS;2º;2;A313;;1;13;1;0;;0;
LAL;PC5;2VCOM302;V;CFGS;2º;2;A313;;2;13;1;0;;0;
CS I;ING1;1COM101;M;FPB;1º;1;A001;;5;5;1;0;;0;
CS I;ING1;1COM101;M;FPB;1º;1;A001;;5;6;1;0;;0;
CS I;ING1;1COM101;M;FPB;1º;1;A001;;3;1;1;0;;0;
CS I;ING1;1COM101;M;FPB;1º;1;A001;;3;2;1;0;;0;
CS I;ING1;1COM101;M;FPB;1º;1;A001;;1;5;1;0;;0;
CS I;ING1;1COM101;M;FPB;1º;1;A001;;1;6;1;0;;0;
SOL;PPM1;1MAM202;M;CFGM;1º;1;A303;;2;1;1;0;;0;
SOL;PPM1;1MAM202;M;CFGM;1º;1;A303;;2;2;1;0;;0;
SOL;PPM1;1MAM202;M;CFGM;1º;1;A303;;5;1;1;0;;0;
SOL;PPM1;1MAM202;M;CFGM;1º;1;A303;;5;2;1;0;;0;
SOL;PPM1;1MAM202;M;CFGM;1º;1;A303;;3;5;1;0;;0;
SOL;PPM1;1MAM202;M;CFGM;1º;1;A303;;3;6;1;0;;0;
RGF;OF01;1FME302;M;CFGS;1º;1;OT2;;1;4;1;0;;0;
RGF;OF01;1FME302;M;CFGS;1º;1;OT2;;1;5;1;0;;0;
RGF;OF01;1FME302;M;CFGS;1º;1;OT2;;4;3;1;0;;0;
RGF;OF01;1FME302;M;CFGS;1º;1;OT2;;4;4;1;0;;0;
RGF;OF01;1FME302;M;CFGS;1º;1;OT2;;3;3;1;0;;0;
RGF;OF01;1FME302;M;CFGS;1º;1;OT2;;3;4;1;0;;0;
TCVTC;PGA5;1VSSC306;V;CFGS;1º;1;LINS;;5;10;1;0;;0;
TCVTC;PGA5;1VSSC306;V;CFGS;1º;1;LINS;;5;11;1;0;;0;
TCVTC;PGA5;1VSSC306;V;CFGS;1º;1;LINS;;3;8;1;0;;0;
TCVTC;PGA5;1VSSC306;V;CFGS;1º;1;LINS;;3;9;1;0;;0;
TCVTC;PGA5;1VSSC306;V;CFGS;1º;1;LINS;;2;8;1;0;;0;
TCVTC;PGA5;1VSSC306;V;CFGS;1º;1;LINS;;2;9;1;0;;0;
DPRME;OF09;1FME302;M;CFGS;1º;1;A306;;1;1;1;0;;0;
DPRME;OF09;1FME302;M;CFGS;1º;1;A306;;1;2;1;0;;0;
DPRME;OF09;1FME302;M;CFGS;1º;1;OT1;;2;5;1;0;;0;
DPRME;OF09;1FME302;M;CFGS;1º;1;OT1;;2;6;1;0;;0;
DPRME;OF09;1FME302;M;CFGS;1º;1;OT1;;3;1;1;0;;0;
DPRME;OF09;1FME302;M;CFGS;1º;1;OT1;;3;2;1;0;;0;
RGF;OF10;1VFME301;V;CFGS;1º;2;OT2;;1;12;1;0;;0;
RGF;OF10;1VFME301;V;CFGS;1º;2;OT2;;1;13;1;0;;0;
RGF;OF10;1VFME301;V;CFGS;1º;2;OT2;;3;9;1;0;;0;
RGF;OF10;1VFME301;V;CFGS;1º;2;OT2;;3;10;1;0;;0;
RGF;OF10;1VFME301;V;CFGS;1º;2;OT2;;4;12;1;0;;0;
RGF;OF10;1VFME301;V;CFGS;1º;2;OT2;;4;13;1;0;;0;
OATL;EF2;2AFD301;M;CFGS;2º;1;APOL;;4;3;1;0;;0;
OATL;EF2;2AFD301;M;CFGS;2º;1;POL2;;1;3;1;0;;0;
OATL;EF2;2AFD301;M;CFGS;2º;1;APOL;;4;1;1;0;;0;
OATL;EF2;2AFD301;M;CFGS;2º;1;APOL;;4;2;1;0;;0;
OATL;EF2;2AFD301;M;CFGS;2º;1;APOL;;5;1;1;0;;0;
OATL;EF2;2AFD301;M;CFGS;2º;1;APOL;;5;2;1;0;;0;
ABO;PC7;2COM101;M;FPB;2º;1;A308;;4;5;1;0;;0;
ABO;PC7;2COM101;M;FPB;2º;1;A308;;4;6;1;0;;0;
ABO;PC7;2COM101;M;FPB;2º;1;A308;;2;1;1;0;;0;
ABO;PC7;2COM101;M;FPB;2º;1;A308;;2;2;1;0;;0;
ABO;PC7;2COM101;M;FPB;2º;1;A308;;3;3;1;0;;0;
ABO;PC7;2COM101;M;FPB;2º;1;A308;;3;4;1;0;;0;
DT;PPM1;2MAM202;M;CFGM;2º;1;A303;;4;4;1;0;;0;
DT;PPM1;2MAM202;M;CFGM;2º;1;A303;;4;5;1;0;;0;
DT;PPM1;2MAM202;M;CFGM;2º;1;A303;;5;3;1;0;;0;
DT;PPM1;2MAM202;M;CFGM;2º;1;A303;;5;4;1;0;;0;
DT;PPM1;2MAM202;M;CFGM;2º;1;A303;;1;5;1;0;;0;
DT;PPM1;2MAM202;M;CFGM;2º;1;A303;;1;6;1;0;;0;
ADT;INF7;2VIFC302;V;CFGS;2º;2;A302;;4;8;1;0;;0;
ADT;INF7;2VIFC302;V;CFGS;2º;2;A302;;4;9;1;0;;0;
ADT;INF7;2VIFC302;V;CFGS;2º;2;A302;;5;10;1;0;;0;
ADT;INF7;2VIFC302;V;CFGS;2º;2;A302;;5;11;1;0;;0;
ADT;INF7;2VIFC302;V;CFGS;2º;2;A302;;3;12;1;0;;0;
ADT;INF7;2VIFC302;V;CFGS;2º;2;A302;;3;13;1;0;;0;
DESIN;SAI5;2VIFC302;V;CFGS;2º;2;A302;;2;12;1;0;;0;
DESIN;SAI5;2VIFC302;V;CFGS;2º;2;A302;;2;13;1;0;;0;
DESIN;SAI5;2VIFC302;V;CFGS;2º;2;A302;;4;10;1;0;;0;
DESIN;SAI5;2VIFC302;V;CFGS;2º;2;A302;;4;11;1;0;;0;
DESIN;SAI5;2VIFC302;V;CFGS;2º;2;A302;;3;8;1;0;;0;
DESIN;SAI5;2VIFC302;V;CFGS;2º;2;A302;;3;9;1;0;;0;
OPI;PGA4;1ADG301;M;CFGS;1º;1;A202;;5;3;1;0;;0;
OPI;PGA4;1ADG301;M;CFGS;1º;1;A202;;5;4;1;0;;0;
OPI;PGA4;1ADG301;M;CFGS;1º;1;A202;;1;5;1;0;;0;
OPI;PGA4;1ADG301;M;CFGS;1º;1;A202;;1;6;1;0;;0;
OPI;PGA4;1ADG301;M;CFGS;1º;1;A202;;2;5;1;0;;0;
OPI;PGA4;1ADG301;M;CFGS;1º;1;A202;;2;6;1;0;;0;
VT;OGC9;2COM201;M;CFGM;2º;2;A313;;2;3;1;0;;0;
VT;OGC9;2COM201;M;CFGM;2º;2;A313;;2;4;1;0;;0;
VT;OGC9;2COM201;M;CFGM;2º;2;A313;;3;5;1;0;;0;
VT;OGC9;2COM201;M;CFGM;2º;2;A313;;3;6;1;0;;0;
VT;OGC9;2COM201;M;CFGM;2º;2;A313;;4;5;1;0;;0;
VT;OGC9;2COM201;M;CFGM;2º;2;A313;;4;6;1;0;;0;
RGF;OF05;1FME301;M;CFGS;1º;1;OT1;;1;1;1;0;;0;
RGF;OF05;1FME301;M;CFGS;1º;1;OT1;;1;2;1;0;;0;
RGF;OF05;1FME301;M;CFGS;1º;1;OT1;;4;4;1;0;;0;
RGF;OF05;1FME301;M;CFGS;1º;1;OT1;;4;5;1;0;;0;
RGF;OF05;1FME301;M;CFGS;1º;1;OT1;;3;3;1;0;;0;
RGF;OF05;1FME301;M;CFGS;1º;1;OT1;;3;4;1;0;;0;
FI;OGC5;2COM301;M;CFGS;2º;1;A310;;2;1;1;0;;0;
FI;OGC5;2COM301;M;CFGS;2º;1;A310;;2;2;1;0;;0;
FI;OGC5;2COM301;M;CFGS;2º;1;A310;;5;5;1;0;;0;
FI;OGC5;2COM301;M;CFGS;2º;1;A310;;5;6;1;0;;0;
FI;OGC5;2COM301;M;CFGS;2º;1;A310;;3;5;1;0;;0;
DPV;PC1;1COM201;M;CFGM;1º;1;A311;;5;1;1;0;;0;
DPV;PC1;1COM201;M;CFGM;1º;1;A311;;5;2;1;0;;0;
DPV;PC1;1COM201;M;CFGM;1º;1;A311;;4;1;1;0;;0;
DPV;PC1;1COM201;M;CFGM;1º;1;A311;;4;2;1;0;;0;
DPV;PC1;1COM201;M;CFGM;1º;1;A311;;1;1;1;0;;0;
BADAT;INF3;1IFC303;M;CFGS;1º;1;A204;;3;1;1;0;;0;
BADAT;INF3;1IFC303;M;CFGS;1º;1;A204;;3;2;1;0;;0;
BADAT;INF3;1IFC303;M;CFGS;1º;1;A204;;4;2;1;0;;0;
BADAT;INF3;1IFC303;M;CFGS;1º;1;A204;;4;3;1;0;;0;
BADAT;INF3;1IFC303;M;CFGS;1º;1;A204;;5;1;1;0;;0;
DAW;INF1;2IFC303;M;CFGS;2º;1;A205;;3;1;1;0;;0;
DAW;INF1;2IFC303;M;CFGS;2º;1;A205;;3;2;1;0;;0;
DAW;INF1;2IFC303;M;CFGS;2º;1;A205;;4;1;1;0;;0;
DAW;INF1;2IFC303;M;CFGS;2º;1;A205;;4;2;1;0;;0;
DAW;INF1;2IFC303;M;CFGS;2º;1;A205;;5;1;1;0;;0;
TIM;PC6;1COM301;M;CFGS;1º;1;A314;;2;2;1;0;;0;
TIM;PC6;1COM301;M;CFGS;1º;1;A314;;2;3;1;0;;0;
TIM;PC6;1COM301;M;CFGS;1º;1;A314;;5;5;1;0;;0;
TIM;PC6;1COM301;M;CFGS;1º;1;A314;;5;6;1;0;;0;
TIM;PC6;1COM301;M;CFGS;1º;1;A314;;3;1;1;0;;0;
TIM;PC6;1COM301;M;CFGS;1º;1;A314;;3;2;1;0;;0;
OTM;OGC3;2COM303;M;CFGS;2º;1;A309;;5;1;1;0;;0;
OTM;OGC3;2COM303;M;CFGS;2º;1;A309;;5;2;1;0;;0;
OTM;OGC3;2COM303;M;CFGS;2º;1;A309;;3;1;1;0;;0;
OTM;OGC3;2COM303;M;CFGS;2º;1;A309;;3;2;1;0;;0;
OTM;OGC3;2COM303;M;CFGS;2º;1;A309;;1;1;1;0;;0;
OTM;OGC3;2COM303;M;CFGS;2º;1;A309;;1;2;1;0;;0;
TIM;PC6;1COM303;M;CFGS;1º;1;A312;;3;5;1;0;;0;
TIM;PC6;1COM303;M;CFGS;1º;1;A312;;3;6;1;0;;0;
TIM;PC6;1COM303;M;CFGS;1º;1;A312;;5;3;1;0;;0;
TIM;PC6;1COM303;M;CFGS;1º;1;A312;;5;4;1;0;;0;
TIM;PC6;1COM303;M;CFGS;1º;1;A312;;4;5;1;0;;0;
TIM;PC6;1COM303;M;CFGS;1º;1;A312;;4;6;1;0;;0;
TA;PC3;2COM201;M;CFGM;2º;2;A313;;5;5;1;0;;0;
TA;PC3;2COM201;M;CFGM;2º;2;A313;;5;6;1;0;;0;
TA;PC3;2COM201;M;CFGM;2º;2;A313;;3;3;1;0;;0;
TA;PC3;2COM201;M;CFGM;2º;2;A313;;3;4;1;0;;0;
TA;PC3;2COM201;M;CFGM;2º;2;A313;;4;3;1;0;;0;
TA;PC3;2COM201;M;CFGM;2º;2;A313;;4;4;1;0;;0;
GEFE;OGC2;1COM303;M;CFGS;1º;1;A312;;2;1;1;0;;0;
GEFE;OGC2;1COM303;M;CFGS;1º;1;A312;;2;2;1;0;;0;
GEFE;OGC2;1COM303;M;CFGS;1º;1;A312;;5;1;1;0;;0;
GEFE;OGC2;1COM303;M;CFGS;1º;1;A312;;5;2;1;0;;0;
GEFE;OGC2;1COM303;M;CFGS;1º;1;A312;;4;1;1;0;;0;
GEFE;OGC2;1COM303;M;CFGS;1º;1;A312;;4;2;1;0;;0;
GEFE;OGC5;1VCOM302;V;CFGS;1º;1;A314;;1;8;1;0;;0;
GEFE;OGC5;1VCOM302;V;CFGS;1º;1;A314;;1;9;1;0;;0;
GEFE;OGC5;1VCOM302;V;CFGS;1º;1;A314;;3;10;1;0;;0;
GEFE;OGC5;1VCOM302;V;CFGS;1º;1;A314;;3;11;1;0;;0;
GEFE;OGC5;1VCOM302;V;CFGS;1º;1;A314;;4;12;1;0;;0;
GEFE;OGC5;1VCOM302;V;CFGS;1º;1;A314;;4;13;1;0;;0;
RFA;AQI4;1MSP34;M;CFGS;1º;1;A103;;4;5;1;0;;0;
RFA;AQI4;1MSP34;M;CFGS;1º;1;A103;;4;6;1;0;;0;
RFA;AQI4;1MSP34;M;CFGS;1º;1;A103;;2;1;1;0;;0;
RFA;AQI4;1MSP34;M;CFGS;1º;1;A103;;2;2;1;0;;0;
RFA;AQI4;1MSP34;M;CFGS;1º;1;A103;;5;5;1;0;;0;
RFA;AQI4;1MSP34;M;CFGS;1º;1;A103;;5;6;1;0;;0;
CS I;ING2;2COM101;M;FPB;2º;1;A308;;5;3;1;0;;0;
CS I;ING2;2COM101;M;FPB;2º;1;A308;;5;4;1;0;;0;
CS I;ING2;2COM101;M;FPB;2º;1;A308;;3;5;1;0;;0;
CS I;ING2;2COM101;M;FPB;2º;1;A308;;3;6;1;0;;0;
CS I;ING2;2COM101;M;FPB;2º;1;A308;;1;1;1;0;;0;
CS I;ING2;2COM101;M;FPB;2º;1;A308;;1;2;1;0;;0;
RQB;AQI2;1MSP34;M;CFGS;1º;1;A103;;3;3;1;0;;0;
RQB;AQI2;1MSP34;M;CFGS;1º;1;A103;;3;4;1;0;;0;
RQB;AQI2;1MSP34;M;CFGS;1º;1;A103;;1;5;1;0;;0;
RQB;AQI2;1MSP34;M;CFGS;1º;1;A103;;1;6;1;0;;0;
RQB;AQI2;1MSP34;M;CFGS;1º;1;A103;;4;3;1;0;;0;
RQB;AQI2;1MSP34;M;CFGS;1º;1;A103;;4;4;1;0;;0;
OGIQ;AQI2;2QUI304;M;CFGS;2º;1;A207;;2;6;1;0;;0;
OGIQ;AQI2;2QUI304;M;CFGS;2º;1;A306;;2;5;1;0;;0;
OGIQ;AQI2;2QUI304;M;CFGS;2º;1;A207;;3;5;1;0;;0;
OGIQ;AQI2;2QUI304;M;CFGS;2º;1;A207;;3;6;1;0;;0;
OGIQ;AQI2;2QUI304;M;CFGS;2º;1;A207;;4;5;1;0;;0;
OGIQ;AQI2;2QUI304;M;CFGS;2º;1;A207;;4;6;1;0;;0;
CAC;PGA4;1ADG301;M;CFGS;1º;1;A202;;4;1;1;0;;0;
CAC;PGA4;1ADG301;M;CFGS;1º;1;A202;;4;2;1;0;;0;
CAC;PGA4;1ADG301;M;CFGS;1º;1;A202;;2;2;1;0;;0;
CAC;PGA4;1ADG301;M;CFGS;1º;1;A202;;1;3;1;0;;0;
CAC;PGA4;1ADG301;M;CFGS;1º;1;A202;;1;2;1;0;;0;
GRH;AE1;2ADG301;M;CFGS;2º;1;A201;;2;5;1;0;;0;
GRH;AE1;2ADG301;M;CFGS;2º;1;A201;;2;6;1;0;;0;
GRH;AE1;2ADG301;M;CFGS;2º;1;A201;;4;6;1;0;;0;
GRH;AE1;2ADG301;M;CFGS;2º;1;A201;;5;3;1;0;;0;
GRH;AE1;2ADG301;M;CFGS;2º;1;A201;;1;6;1;0;;0;
LAP;PC10;2COM303;M;CFGS;2º;1;A309;;4;3;1;0;;0;
LAP;PC10;2COM303;M;CFGS;2º;1;A309;;4;4;1;0;;0;
LAP;PC10;2COM303;M;CFGS;2º;1;A309;;5;4;1;0;;0;
LAP;PC10;2COM303;M;CFGS;2º;1;A309;;5;5;1;0;;0;
LAP;PC10;2COM303;M;CFGS;2º;1;A309;;2;2;1;0;;0;
DG;SAI6;1VIFC403;V;CES;1º;1;A205;;2;9;1;0;;0;
DG;SAI6;1VIFC403;V;CES;1º;1;A205;;2;10;1;0;;0;
DG;SAI6;1VIFC403;V;CES;1º;1;A205;;3;9;1;0;;0;
DG;SAI6;1VIFC403;V;CES;1º;1;A205;;3;10;1;0;;0;
DG;SAI6;1VIFC403;V;CES;1º;1;A205;;5;10;1;0;;0;
RVRA;SAI2;1VIFC403;V;CES;1º;1;A205;;4;10;1;0;;0;
RVRA;SAI2;1VIFC403;V;CES;1º;1;A205;;4;9;1;0;;0;
RVRA;SAI2;1VIFC403;V;CES;1º;1;A205;;3;11;1;0;;0;
RVRA;SAI2;1VIFC403;V;CES;1º;1;A205;;3;12;1;0;;0;
RCPQ;AQI3;2QUI304;M;CFGS;2º;1;A207;;4;1;1;0;;0;
RCPQ;AQI3;2QUI304;M;CFGS;2º;1;A207;;4;2;1;0;;0;
RCPQ;AQI3;2QUI304;M;CFGS;2º;1;A207;;3;1;1;0;;0;
RCPQ;AQI3;2QUI304;M;CFGS;2º;1;A207;;3;2;1;0;;0;
RCPQ;AQI3;2QUI304;M;CFGS;2º;1;A207;;2;2;1;0;;0;
RCPQ;AQI3;2QUI304;M;CFGS;2º;1;A207;;2;3;1;0;;0;
RCPQ;AQI3;2QUI304;M;CFGS;2º;1;A207;;1;6;1;0;;0;
DMPPO;OF01;2FME302;M;CFGS;2º;1;OT1;;3;5;1;0;;0;
DMPPO;OF01;2FME302;M;CFGS;2º;1;OT1;;3;6;1;0;;0;
DMPPO;OF01;2FME302;M;CFGS;2º;1;OT1;;2;1;1;0;;0;
DMPPO;OF01;2FME302;M;CFGS;2º;1;OT1;;2;2;1;0;;0;
DMPPO;OF01;2FME302;M;CFGS;2º;1;OT1;;5;1;1;0;;0;
DMPPO;OF01;2FME302;M;CFGS;2º;1;OT1;;5;2;1;0;;0;
DMPPO;OF01;2FME302;M;CFGS;2º;1;OT1;;1;6;1;0;;0;
SE;AE1;2ADG301;M;CFGS;2º;1;A201;;2;1;1;0;;0;
SE;AE1;2ADG301;M;CFGS;2º;1;A201;;2;2;1;0;;0;
SE;AE1;2ADG301;M;CFGS;2º;1;A201;;3;4;1;0;;0;
SE;AE1;2ADG301;M;CFGS;2º;1;A201;;3;5;1;0;;0;
SE;AE1;2ADG301;M;CFGS;2º;1;A201;;4;4;1;0;;0;
SE;AE1;2ADG301;M;CFGS;2º;1;A201;;4;5;1;0;;0;
SE;AE1;2ADG301;M;CFGS;2º;1;A201;;1;3;1;0;;0;
RCS;OSE1;1MSP34;M;CFGS;1º;1;A103;;4;1;1;0;;0;
RCS;OSE1;1MSP34;M;CFGS;1º;1;A103;;4;2;1;0;;0;
RCS;OSE1;1MSP34;M;CFGS;1º;1;A103;;3;1;1;0;;0;
RCS;OSE1;1MSP34;M;CFGS;1º;1;A103;;3;2;1;0;;0;
RCS;OSE1;1MSP34;M;CFGS;1º;1;A103;;1;1;1;0;;0;
RCS;OSE1;1MSP34;M;CFGS;1º;1;A103;;1;2;1;0;;0;
RCS;OSE1;1MSP34;M;CFGS;1º;1;A103;;5;4;1;0;;0;
DMMFU;OF02;2FME302;M;CFGS;2º;1;OT2;;3;1;1;0;;0;
DMMFU;OF02;2FME302;M;CFGS;2º;1;OT2;;3;2;1;0;;0;
DMMFU;OF02;2FME302;M;CFGS;2º;1;OT2;;4;5;1;0;;0;
DMMFU;OF02;2FME302;M;CFGS;2º;1;OT2;;4;6;1;0;;0;
DMMFU;OF02;2FME302;M;CFGS;2º;1;OT2;;2;5;1;0;;0;
DMMFU;OF02;2FME302;M;CFGS;2º;1;OT2;;2;6;1;0;;0;
DMMFU;OF02;2FME302;M;CFGS;2º;1;OT2;;1;1;1;0;;0;
TID;PC7;2COM101;M;FPB;2º;1;A308;;4;2;1;0;;0;
TID;PC7;2COM101;M;FPB;2º;1;A308;;4;3;1;0;;0;
TID;PC7;2COM101;M;FPB;2º;1;A308;;1;4;1;0;;0;
TID;PC7;2COM101;M;FPB;2º;1;A308;;1;5;1;0;;0;
TID;PC7;2COM101;M;FPB;2º;1;A308;;2;5;1;0;;0;
TID;PC7;2COM101;M;FPB;2º;1;A308;;2;6;1;0;;0;
TID;PC7;2COM101;M;FPB;2º;1;A308;;5;1;1;0;;0;
GF;AE4;2ADG301;M;CFGS;2º;1;A201;;5;1;1;0;;0;
GF;AE4;2ADG301;M;CFGS;2º;1;A201;;5;2;1;0;;0;
GF;AE4;2ADG301;M;CFGS;2º;1;A201;;4;1;1;0;;0;
GF;AE4;2ADG301;M;CFGS;2º;1;A201;;4;2;1;0;;0;
GF;AE4;2ADG301;M;CFGS;2º;1;A201;;3;1;1;0;;0;
GF;AE4;2ADG301;M;CFGS;2º;1;A201;;2;4;1;0;;0;
EME;OF24;2MSP34;M;CFGS;2º;1;A104;;2;3;1;0;;0;
EME;OF24;2MSP34;M;CFGS;2º;1;A104;;2;4;1;0;;0;
EME;OF24;2MSP34;M;CFGS;2º;1;A104;;1;1;1;0;;0;
EME;OF24;2MSP34;M;CFGS;2º;1;A104;;1;2;1;0;;0;
EME;OF24;2MSP34;M;CFGS;2º;1;A104;;3;5;1;0;;0;
EME;OF24;2MSP34;M;CFGS;2º;1;A104;;3;6;1;0;;0;
EME;OF24;2MSP34;M;CFGS;2º;1;A104;;4;1;1;0;;0;
OARHU;PGA2;2ADG201;M;CFGM;2º;1;A302;;5;5;1;0;;0;
OARHU;PGA2;2ADG201;M;CFGM;2º;1;A302;;5;6;1;0;;0;
OARHU;PGA2;2ADG201;M;CFGM;2º;1;A302;;4;3;1;0;;0;
OARHU;PGA2;2ADG201;M;CFGM;2º;1;A302;;4;4;1;0;;0;
OARHU;PGA2;2ADG201;M;CFGM;2º;1;A302;;3;3;1;0;;0;
OARHU;PGA2;2ADG201;M;CFGM;2º;1;A302;;3;4;1;0;;0;
OARHU;PGA2;2ADG201;M;CFGM;2º;1;A302;;1;6;1;0;;0;
DIW;SAI2;2IFC303;M;CFGS;2º;1;A205;;2;1;1;0;;0;
DIW;SAI2;2IFC303;M;CFGS;2º;1;A205;;2;2;1;0;;0;
DIW;SAI2;2IFC303;M;CFGS;2º;1;A205;;5;5;1;0;;0;
DIW;SAI2;2IFC303;M;CFGS;2º;1;A205;;5;6;1;0;;0;
DIW;SAI2;2IFC303;M;CFGS;2º;1;A205;;1;1;1;0;;0;
DIW;SAI2;2IFC303;M;CFGS;2º;1;A205;;1;2;1;0;;0;
MI;OGC7;2COM301;M;CFGS;2º;1;A310;;3;3;1;0;;0;
MI;OGC7;2COM301;M;CFGS;2º;1;A310;;3;4;1;0;;0;
MI;OGC7;2COM301;M;CFGS;2º;1;A310;;1;1;1;0;;0;
MI;OGC7;2COM301;M;CFGS;2º;1;A310;;1;2;1;0;;0;
MI;OGC7;2COM301;M;CFGS;2º;1;A310;;4;3;1;0;;0;
MI;OGC7;2COM301;M;CFGS;2º;1;A310;;4;4;1;0;;0;
MI;OGC7;2COM301;M;CFGS;2º;1;A310;;5;1;1;0;;0;
TDCON;AE3;2ADG201;M;CFGM;2º;1;A302;;2;1;1;0;;0;
TDCON;AE3;2ADG201;M;CFGM;2º;1;A302;;2;2;1;0;;0;
TDCON;AE3;2ADG201;M;CFGM;2º;1;A302;;4;1;1;0;;0;
TDCON;AE3;2ADG201;M;CFGM;2º;1;A302;;4;2;1;0;;0;
TDCON;AE3;2ADG201;M;CFGM;2º;1;A302;;5;1;1;0;;0;
TDCON;AE3;2ADG201;M;CFGM;2º;1;A302;;5;2;1;0;;0;
TDCON;AE3;2ADG201;M;CFGM;2º;1;A302;;1;1;1;0;;0;
TIINF;PGA1;1ADG201;M;CFGM;1º;1;A203;;5;3;1;0;;0;
TIINF;PGA1;1ADG201;M;CFGM;1º;1;A203;;5;4;1;0;;0;
TIINF;PGA1;1ADG201;M;CFGM;1º;1;A203;;3;3;1;0;;0;
TIINF;PGA1;1ADG201;M;CFGM;1º;1;A203;;3;4;1;0;;0;
TIINF;PGA1;1ADG201;M;CFGM;1º;1;A203;;2;4;1;0;;0;
TIINF;PGA1;1ADG201;M;CFGM;1º;1;A203;;2;5;1;0;;0;
TIINF;PGA1;1ADG201;M;CFGM;1º;1;A203;;1;1;1;0;;0;
TIINF;PGA1;1ADG201;M;CFGM;1º;1;A203;;1;2;1;0;;0;
DEMC;PC4;2VCOM304;V;CFGS;2º;1;A310;;4;11;1;0;;0;
DEMC;PC4;2VCOM304;V;CFGS;2º;1;A310;;4;12;1;0;;0;
DEMC;PC4;2VCOM304;V;CFGS;2º;1;A310;;2;11;1;0;;0;
DEMC;PC4;2VCOM304;V;CFGS;2º;1;A310;;5;11;1;0;;0;
DEMC;PC4;2VCOM304;V;CFGS;2º;1;A310;;2;12;1;0;;0;
DEMC;PC4;2VCOM304;V;CFGS;2º;1;A310;;2;13;1;0;;0;
DEMC;PC4;2VCOM304;V;CFGS;2º;1;A310;;5;12;1;0;;0;
DEMC;PC4;2VCOM304;V;CFGS;2º;1;A310;;5;13;1;0;;0;
GTL;PC2;2COM303;M;CFGS;2º;1;A309;;4;5;1;0;;0;
GTL;PC2;2COM303;M;CFGS;2º;1;A309;;4;6;1;0;;0;
GTL;PC2;2COM303;M;CFGS;2º;1;A309;;3;3;1;0;;0;
GTL;PC2;2COM303;M;CFGS;2º;1;A309;;3;4;1;0;;0;
GTL;PC2;2COM303;M;CFGS;2º;1;A309;;2;3;1;0;;0;
GTL;PC2;2COM303;M;CFGS;2º;1;A309;;2;4;1;0;;0;
GTL;PC2;2COM303;M;CFGS;2º;1;A309;;1;5;1;0;;0;
GTL;PC2;2COM303;M;CFGS;2º;1;A309;;1;6;1;0;;0;
EMPAU;PGA2;2ADG201;M;CFGM;2º;1;A302;;3;1;1;0;;0;
EMPAU;PGA2;2ADG201;M;CFGM;2º;1;A302;;3;2;1;0;;0;
EMPAU;PGA2;2ADG201;M;CFGM;2º;1;A302;;5;3;1;0;;0;
EMPAU;PGA2;2ADG201;M;CFGM;2º;1;A302;;5;4;1;0;;0;
EMPAU;PGA2;2ADG201;M;CFGM;2º;1;A302;;2;3;1;0;;0;
EMPAU;PGA2;2ADG201;M;CFGM;2º;1;A302;;2;4;1;0;;0;
EMPAU;PGA2;2ADG201;M;CFGM;2º;1;A302;;1;4;1;0;;0;
EMPAU;PGA2;2ADG201;M;CFGM;2º;1;A302;;1;5;1;0;;0;
LEIN;ING3;2MSP34;M;CFGS;2º;1;A104;;3;3;1;0;;0;
LEIN;ING3;2MSP34;M;CFGS;2º;1;A104;;3;4;1;0;;0;
LEIN;ING3;2MSP34;M;CFGS;2º;1;A104;;2;1;1;0;;0;
LEIN;ING3;2MSP34;M;CFGS;2º;1;A104;;2;2;1;0;;0;
LEIN;ING3;2MSP34;M;CFGS;2º;1;A104;;1;3;1;0;;0;
LEIN;ING3;2MSP34;M;CFGS;2º;1;A104;;1;4;1;0;;0;
LEIN;ING3;2MSP34;M;CFGS;2º;1;A104;;5;3;1;0;;0;
CA I;MAT;1COM101;M;FPB;1º;1;A001;;1;3;1;0;;0;
CA I;MAT;1COM101;M;FPB;1º;1;A001;;1;4;1;0;;0;
CA I;MAT;1COM101;M;FPB;1º;1;A001;;4;2;1;0;;0;
CA I;MAT;1COM101;M;FPB;1º;1;A001;;3;3;1;0;;0;
CA I;MAT;1COM101;M;FPB;1º;1;A001;;2;5;1;0;;0;
CA I;MAT;1COM101;M;FPB;1º;1;A001;;5;3;1;0;;0;
CA II;MAT;2COM101;M;FPB;2º;1;A308;;2;3;1;0;;0;
CA II;MAT;2COM101;M;FPB;2º;1;A308;;2;4;1;0;;0;
CA II;MAT;2COM101;M;FPB;2º;1;A308;;4;1;1;0;;0;
CA II;MAT;2COM101;M;FPB;2º;1;A308;;3;1;1;0;;0;
CA II;MAT;2COM101;M;FPB;2º;1;A308;;5;6;1;0;;0;
CA II;MAT;2COM101;M;FPB;2º;1;A308;;1;6;1;0;;0;
POM;OGC10;1VCOM302;V;CFGS;1º;1;A314;;2;12;1;0;;0;
POM;OGC10;1VCOM302;V;CFGS;1º;1;A314;;2;13;1;0;;0;
POM;OGC10;1VCOM302;V;CFGS;1º;1;A314;;4;9;1;0;;0;
POM;OGC10;1VCOM302;V;CFGS;1º;1;A314;;5;11;1;0;;0;
POM;OGC10;1VCOM302;V;CFGS;1º;1;A314;;1;12;1;0;;0;
POM;OGC10;1VCOM302;V;CFGS;1º;1;A314;;1;13;1;0;;0;
OAGT;AE2;2ADG201;M;CFGM;2º;1;A302;;3;5;1;0;;0;
OAGT;AE2;2ADG201;M;CFGM;2º;1;A302;;3;6;1;0;;0;
OAGT;AE2;2ADG201;M;CFGM;2º;1;A302;;1;2;1;0;;0;
OAGT;AE2;2ADG201;M;CFGM;2º;1;A302;;1;3;1;0;;0;
OAGT;AE2;2ADG201;M;CFGM;2º;1;A302;;4;5;1;0;;0;
OAGT;AE2;2ADG201;M;CFGM;2º;1;A302;;4;6;1;0;;0;
OAGT;AE2;2ADG201;M;CFGM;2º;1;A302;;2;5;1;0;;0;
OAGT;AE2;2ADG201;M;CFGM;2º;1;A302;;2;6;1;0;;0;
GPC;OGC6;2COM201;M;CFGM;2º;2;A313;;4;1;1;0;;0;
GPC;OGC6;2COM201;M;CFGM;2º;2;A313;;4;2;1;0;;0;
GPC;OGC6;2COM201;M;CFGM;2º;2;A313;;1;5;1;0;;0;
GPC;OGC6;2COM201;M;CFGM;2º;2;A313;;1;6;1;0;;0;
GPC;OGC6;2COM201;M;CFGM;2º;2;A313;;5;3;1;0;;0;
GPC;OGC6;2COM201;M;CFGM;2º;2;A313;;5;4;1;0;;0;
GPC;OGC6;2COM201;M;CFGM;2º;2;A313;;2;1;1;0;;0;
GPC;OGC6;2COM201;M;CFGM;2º;2;A313;;2;2;1;0;;0;
GPC;OGC6;2COM201;M;CFGM;2º;2;A313;;3;2;1;0;;0;
GPR;FO03;2MSP34;M;CFGS;2º;1;A104;;1;5;1;0;;0;
GPR;FO03;2MSP34;M;CFGS;2º;1;A104;;1;6;1;0;;0;
GPR;FO03;2MSP34;M;CFGS;2º;1;A104;;4;2;1;0;;0;
GPR;FO03;2MSP34;M;CFGS;2º;1;A104;;4;3;1;0;;0;
GPR;FO03;2MSP34;M;CFGS;2º;1;A104;;3;1;1;0;;0;
GPR;FO03;2MSP34;M;CFGS;2º;1;A104;;3;2;1;0;;0;
GPR;FO03;2MSP34;M;CFGS;2º;1;A104;;2;5;1;0;;0;
GPR;FO03;2MSP34;M;CFGS;2º;1;A104;;2;6;1;0;;0;
GPR;FO03;2MSP34;M;CFGS;2º;1;A104;;5;5;1;0;;0;
GPR;FO03;2MSP34;M;CFGS;2º;1;A104;;5;6;1;0;;0;
SM;MM24;1IMA302;M;CFGS;1º;1;TMGS;;2;3;1;0;;0;
SM;MM22;1IMA302;M;CFGS;1º;1;TMGS;;2;3;1;0;;0;
SM;MM24;1IMA302;M;CFGS;1º;1;TMGS;;2;4;1;0;;0;
SM;MM22;1IMA302;M;CFGS;1º;1;TMGS;;2;4;1;0;;0;
GACI;OGC3;1COM303;M;CFGS;1º;1;A312;;3;3;1;0;;0;
GACI;OGC5;1COM301;M;CFGS;1º;1;A314;;3;3;1;0;;0;
GACI;OGC3;1COM303;M;CFGS;1º;1;A312;;3;4;1;0;;0;
GACI;OGC5;1COM301;M;CFGS;1º;1;A314;;3;4;1;0;;0;
IPEI;FO11;1VCOM304;V;CFGS;1º;1;A312;;1;10;1;0;;0;
IPEI;FO02;1VCOM304;V;CFGS;1º;1;A309;;1;10;1;0;;0;
IPEI;FO11;1VCOM304;V;CFGS;1º;1;A312;;1;11;1;0;;0;
IPEI;FO02;1VCOM304;V;CFGS;1º;1;A309;;1;11;1;0;;0;
IPEI;FO11;1VCOM304;V;CFGS;1º;1;A312;;3;8;1;0;;0;
IPEI;FO02;1VCOM304;V;CFGS;1º;1;A309;;3;8;1;0;;0;
MCC;EF8;2AFD201;M;CFGM;2º;1;POL2;;5;1;1;0;;0;
MCC;EF3;2AFD201;M;CFGM;2º;1;A304;;5;1;1;0;;0;
MCC;EF8;2AFD201;M;CFGM;2º;1;POL2;;5;2;1;0;;0;
MCC;EF3;2AFD201;M;CFGM;2º;1;A304;;5;2;1;0;;0;
MCC;EF8;2AFD201;M;CFGM;2º;1;POL2;;1;2;1;0;;0;
MCC;EF3;2AFD201;M;CFGM;2º;1;A305;;1;2;1;0;;0;
MCNZD;SOL8;1FME203;M;CFGM;1º;1;TCM2;;3;4;1;0;;0;
MCNZD;SOL7;1FME203;M;CFGM;1º;1;TCM2;;3;4;1;0;;0;
MCNZD;SOL8;1FME203;M;CFGM;1º;1;TCM2;;3;5;1;0;;0;
MCNZD;SOL7;1FME203;M;CFGM;1º;1;TCM2;;3;5;1;0;;0;
MCNZD;SOL8;1FME203;M;CFGM;1º;1;TCM2;;4;4;1;0;;0;
MCNZD;SOL7;1FME203;M;CFGM;1º;1;TCM2;;4;4;1;0;;0;
MCNZD;SOL8;1FME203;M;CFGM;1º;1;TCM2;;4;5;1;0;;0;
MCNZD;SOL7;1FME203;M;CFGM;1º;1;TCM2;;4;5;1;0;;0;
MSC;OGC10;2VCOM304;V;CFGS;2º;1;A102;;1;10;1;0;;0;
MSC;OGC8;2VCOM304;V;CFGS;2º;1;A310;;1;10;1;0;;0;
MSC;OGC10;2VCOM304;V;CFGS;2º;1;A102;;1;11;1;0;;0;
MSC;OGC8;2VCOM304;V;CFGS;2º;1;A310;;1;11;1;0;;0;
MSC;OGC10;2VCOM304;V;CFGS;2º;1;A102;;3;12;1;0;;0;
MSC;OGC8;2VCOM304;V;CFGS;2º;1;A310;;3;12;1;0;;0;
MSC;OGC10;2VCOM304;V;CFGS;2º;1;A102;;3;13;1;0;;0;
MSC;OGC8;2VCOM304;V;CFGS;2º;1;A310;;3;13;1;0;;0;
MCNZD;SOL5;1VFME203;V;CFGM;1º;2;TCM2;;3;12;1;0;;0;
MCNZD;SOL9;1VFME203;V;CFGM;1º;2;TCM2;;3;12;1;0;;0;
MCNZD;SOL5;1VFME203;V;CFGM;1º;2;TCM2;;3;13;1;0;;0;
MCNZD;SOL9;1VFME203;V;CFGM;1º;2;TCM2;;3;13;1;0;;0;
MCNZD;SOL5;1VFME203;V;CFGM;1º;2;TCM2;;2;11;1;0;;0;
MCNZD;SOL9;1VFME203;V;CFGM;1º;2;TCM2;;2;11;1;0;;0;
MCNZD;SOL5;1VFME203;V;CFGM;1º;2;TCM2;;2;12;1;0;;0;
MCNZD;SOL9;1VFME203;V;CFGM;1º;2;TCM2;;2;12;1;0;;0;
GEFE;OGC12;1VCOM304;V;CFGS;1º;1;A312;;5;9;1;0;;0;
GEFE;OGC8;1VCOM304;V;CFGS;1º;1;A312;;5;9;1;0;;0;
GEFE;OGC12;1VCOM304;V;CFGS;1º;1;A312;;5;10;1;0;;0;
GEFE;OGC8;1VCOM304;V;CFGS;1º;1;A312;;5;10;1;0;;0;
GEFE;OGC12;1VCOM304;V;CFGS;1º;1;A312;;2;8;1;0;;0;
GEFE;OGC8;1VCOM304;V;CFGS;1º;1;A312;;2;8;1;0;;0;
GEFE;OGC12;1VCOM304;V;CFGS;1º;1;A312;;2;9;1;0;;0;
GEFE;OGC8;1VCOM304;V;CFGS;1º;1;A312;;2;9;1;0;;0;
GEFE;OGC12;1VCOM304;V;CFGS;1º;1;A312;;1;8;1;0;;0;
GEFE;OGC8;1VCOM304;V;CFGS;1º;1;A312;;1;8;1;0;;0;
GEFE;OGC12;1VCOM304;V;CFGS;1º;1;A312;;1;9;1;0;;0;
GEFE;OGC8;1VCOM304;V;CFGS;1º;1;A312;;1;9;1;0;;0;
GEFE;OGC12;1COM301;M;CFGS;1º;1;A314;;4;3;1;0;;0;
GEFE;OGC2;1COM301;M;CFGS;1º;1;A314;;4;3;1;0;;0;
GEFE;OGC12;1COM301;M;CFGS;1º;1;A314;;4;4;1;0;;0;
GEFE;OGC2;1COM301;M;CFGS;1º;1;A314;;4;4;1;0;;0;
GEFE;OGC12;1COM301;M;CFGS;1º;1;A314;;3;5;1;0;;0;
GEFE;OGC2;1COM301;M;CFGS;1º;1;A314;;3;5;1;0;;0;
GEFE;OGC12;1COM301;M;CFGS;1º;1;A314;;3;6;1;0;;0;
GEFE;OGC2;1COM301;M;CFGS;1º;1;A314;;3;6;1;0;;0;
GEFE;OGC12;1COM301;M;CFGS;1º;1;A314;;1;1;1;0;;0;
GEFE;OGC2;1COM301;M;CFGS;1º;1;A314;;1;1;1;0;;0;
GEFE;OGC12;1COM301;M;CFGS;1º;1;A314;;1;2;1;0;;0;
GEFE;OGC2;1COM301;M;CFGS;1º;1;A314;;1;2;1;0;;0;
RGSM;MM04;1IMA302;M;CFGS;1º;1;A101;;3;4;1;0;;0;
RGSM;MM04;1IMA302;M;CFGS;1º;1;A101;;3;5;1;0;;0;
RGSM;MM04;1IMA302;M;CFGS;1º;1;A101;;1;6;1;0;;0;
VCFIA;EF7;1AFD301;M;CFGS;1º;1;POL1;;3;1;1;0;;0;
VCFIA;EF7;1AFD301;M;CFGS;1º;1;POL1;;3;2;1;0;;0;
VCFIA;EF7;1AFD301;M;CFGS;1º;1;POL1;;3;3;1;0;;0;
FAV;MM03;1FME202;M;CFGM;1º;1;TMEC;;2;4;1;0;;0;
FAV;MM03;1FME202;M;CFGM;1º;1;TMEC;;2;5;1;0;;0;
FAV;MM03;1FME202;M;CFGM;1º;1;TMEC;;2;6;1;0;;0;
TCC;SOL6;1VFME203;V;CFGM;1º;2;TCM1;;2;8;1;0;;0;
TCC;SOL6;1VFME203;V;CFGM;1º;2;TCM1;;2;9;1;0;;0;
TCC;SOL6;1VFME203;V;CFGM;1º;2;TCM1;;2;10;1;0;;0;
TCC;SOL8;1FME203;M;CFGM;1º;1;TCM1;;3;6;1;0;;0;
TCC;SOL8;1FME203;M;CFGM;1º;1;TCM1;;5;1;1;0;;0;
TCC;SOL8;1FME203;M;CFGM;1º;1;TCM1;;5;2;1;0;;0;
AEAFS;EF12;2VAFD302;V;CFGS;2º;1;POL2;;3;8;1;0;;0;
AEAFS;EF12;2VAFD302;V;CFGS;2º;1;POL2;;3;9;1;0;;0;
AEAFS;EF12;2VAFD302;V;CFGS;2º;1;POL2;;3;10;1;0;;0;
AEAFS;EF12;2VAFD302;V;CFGS;2º;1;POL1;;4;11;1;0;;0;
AEAFS;EF12;2VAFD302;V;CFGS;2º;1;POL1;;4;12;1;0;;0;
AEAFS;EF12;2VAFD302;V;CFGS;2º;1;POL1;;4;13;1;0;;0;
MCN;MM04;2FME202;M;CFGM;2º;1;LCNC;;1;1;1;0;;0;
MCN;MM04;2FME202;M;CFGM;2º;1;LCNC;;1;2;1;0;;0;
MCN;MM04;2FME202;M;CFGM;2º;1;LCNC;;1;3;1;0;;0;
FAV;MM03;1FME202;M;CFGM;1º;1;TMEC;;3;1;1;0;;0;
FAV;MM03;1FME202;M;CFGM;1º;1;TMEC;;3;2;1;0;;0;
FAV;MM03;1FME202;M;CFGM;1º;1;TMEC;;3;3;1;0;;0;
AFDIM;EF7;2AFD301;M;CFGS;2º;1;POL1;;2;4;1;0;;0;
AFDIM;EF7;2AFD301;M;CFGS;2º;1;POL1;;2;5;1;0;;0;
AFDIM;EF7;2AFD301;M;CFGS;2º;1;POL1;;2;6;1;0;;0;
AFDE;EF9;2AFD301;M;CFGS;2º;1;POL2;;3;1;1;0;;0;
AFDE;EF9;2AFD301;M;CFGS;2º;1;POL2;;3;2;1;0;;0;
AFDE;EF9;2AFD301;M;CFGS;2º;1;POL2;;3;3;1;0;;0;
PPR;OF05;1VFME301;V;CFGS;1º;2;LENS;;2;8;1;0;;0;
PPR;OF05;1VFME301;V;CFGS;1º;2;LENS;;2;9;1;0;;0;
PPR;OF05;1VFME301;V;CFGS;1º;2;LENS;;2;10;1;0;;0;
TUM;MM24;1IMA201;M;CFGM;1º;1;TMOB;;3;4;1;0;;0;
TUM;MM24;1IMA201;M;CFGM;1º;1;TMOB;;3;5;1;0;;0;
TUM;MM24;1IMA201;M;CFGM;1º;1;TMOB;;3;6;1;0;;0;
SMN;EF6;2AFD201;M;CFGM;2º;1;PSUR;;5;4;1;0;;0;
SMN;EF6;2AFD201;M;CFGM;2º;1;PSUR;;5;5;1;0;;0;
SMN;EF6;2AFD201;M;CFGM;2º;1;PSUR;;5;6;1;0;;0;
PSAF;MM02;1FME304;M;CFGS;1º;1;LNEU;;3;3;1;0;;0;
PSAF;MM02;1FME304;M;CFGS;1º;1;LNEU;;3;4;1;0;;0;
PSAF;MM02;1FME304;M;CFGS;1º;1;OT3;;1;2;1;0;;0;
TFME;MM02;1FME302;M;CFGS;1º;1;TMEC;;5;1;1;0;;0;
TFME;MM02;1FME302;M;CFGS;1º;1;TMEC;;5;2;1;0;;0;
TFME;MM02;1FME302;M;CFGS;1º;1;TMEC;;5;3;1;0;;0;
MCN;MM05;2FME304;M;CFGS;2º;1;OTREF;;4;1;1;0;;0;
MCN;MM05;2FME304;M;CFGS;2º;1;OTREF;;4;2;1;0;;0;
MCN;MM05;2FME304;M;CFGS;2º;1;OTREF;;5;2;1;0;;0;
FAV;MM03;1FME202;M;CFGM;1º;1;TMEC;;4;4;1;0;;0;
FAV;MM03;1FME202;M;CFGM;1º;1;TMEC;;4;5;1;0;;0;
FAV;MM03;1FME202;M;CFGM;1º;1;TMEC;;4;6;1;0;;0;
PSAF;MM21;1VFME301;V;CFGS;1º;2;LNEU;;3;11;1;0;;0;
PSAF;MM21;1VFME301;V;CFGS;1º;2;LNEU;;3;12;1;0;;0;
PSAF;MM21;1VFME301;V;CFGS;1º;2;LNEU;;3;13;1;0;;0;
AFDE;EF9;2AFD301;M;CFGS;2º;1;PD;;1;4;1;0;;0;
AFDE;EF9;2AFD301;M;CFGS;2º;1;PD;;1;5;1;0;;0;
AFDE;EF9;2AFD301;M;CFGS;2º;1;PD;;1;6;1;0;;0;
FASOR;MM04;2FME304;M;CFGS;2º;1;LCNC;;2;4;1;0;;0;
FASOR;MM04;2FME304;M;CFGS;2º;1;LCNC;;2;5;1;0;;0;
FASOR;MM04;2FME304;M;CFGS;2º;1;LCNC;;2;6;1;0;;0;
AFDIM;EF7;2AFD301;M;CFGS;2º;1;PCAL;;4;4;1;0;;0;
AFDIM;EF7;2AFD301;M;CFGS;2º;1;PCAL;;4;5;1;0;;0;
AFDIM;EF7;2AFD301;M;CFGS;2º;1;PCAL;;4;6;1;0;;0;
ME;OF24;2FME203;M;CFGM;2º;1;LMET;;5;1;1;0;;0;
ME;OF24;2FME203;M;CFGM;2º;1;LMET;;5;2;1;0;;0;
ME;OF24;2FME203;M;CFGM;2º;1;LMET;;5;3;1;0;;0;
MMEE;IE1;2IMA201;M;CFGM;2º;1;TELE;;1;4;1;0;;0;
MMEE;IE1;2IMA201;M;CFGM;2º;1;TELE;;1;5;1;0;;0;
MMEE;IE1;2IMA201;M;CFGM;2º;1;TELE;;1;6;1;0;;0;
RCS;OF27;1DMSP34;D;CFGS;1º;3;A103;;1;10;1;0;;0;
RCS;OF27;1DMSP34;D;CFGS;1º;3;A103;;1;11;1;0;;0;
RCS;OF27;1DMSP34;D;CFGS;1º;3;A103;;1;12;1;0;;0;
RFA;AQI4;1DMSP34;D;CFGS;1º;3;A103;;3;10;1;0;;0;
RFA;AQI4;1DMSP34;D;CFGS;1º;3;A103;;3;11;1;0;;0;
RFA;AQI4;1DMSP34;D;CFGS;1º;3;A103;;3;12;1;0;;0;
DIW;SAI1;2DIFC303;D;CFGS;2º;3;A201;;3;10;1;0;;0;
DIW;SAI1;2DIFC303;D;CFGS;2º;3;A201;;3;11;1;0;;0;
DIW;SAI1;2DIFC303;D;CFGS;2º;3;A201;;3;12;1;0;;0;
EPF;MM01;1FME304;M;CFGS;1º;1;TMEC;;2;1;1;0;;0;
EPF;MM01;1FME304;M;CFGS;1º;1;TMEC;;2;2;1;0;;0;
EPF;MM01;1FME304;M;CFGS;1º;1;TMEC;;2;3;1;0;;0;
RQB;AQI2;1DMSP34;D;CFGS;1º;3;A103;;5;10;1;0;;0;
RQB;AQI2;1DMSP34;D;CFGS;1º;3;A103;;5;11;1;0;;0;
RQB;AQI2;1DMSP34;D;CFGS;1º;3;A103;;5;12;1;0;;0;
PROG;INF2;1DIFC303;D;CFGS;1º;3;A202;;4;10;1;0;;0;
PROG;INF2;1DIFC303;D;CFGS;1º;3;A202;;4;11;1;0;;0;
PROG;INF2;1DIFC303;D;CFGS;1º;3;A202;;4;12;1;0;;0;
DWES;INF9;2DIFC303;D;CFGS;2º;3;A201;;1;11;1;0;;0;
DWES;INF9;2DIFC303;D;CFGS;2º;3;A201;;1;12;1;0;;0;
DWES;INF9;2DIFC303;D;CFGS;2º;3;A201;;1;13;1;0;;0;
PRT;FO12;1DMSP34;D;CFGS;1º;3;A103;;4;10;1;0;;0;
PRT;FO12;1DMSP34;D;CFGS;1º;3;A103;;4;11;1;0;;0;
PRT;FO12;1DMSP34;D;CFGS;1º;3;A103;;4;12;1;0;;0;
EPF;MM01;1FME304;M;CFGS;1º;1;TMEC;;1;4;1;0;;0;
EPF;MM01;1FME304;M;CFGS;1º;1;TMEC;;1;5;1;0;;0;
EPF;MM01;1FME304;M;CFGS;1º;1;TMEC;;1;6;1;0;;0;
RGSM;MM04;1VIMA302;V;CFGS;1º;2;OT3;;1;8;1;0;;0;
RGSM;MM04;1VIMA302;V;CFGS;1º;2;OT3;;2;10;1;0;;0;
RGSM;MM04;1VIMA302;V;CFGS;1º;2;OT3;;2;11;1;0;;0;
LEIN;ING3;2DMSP34;D;CFGS;2º;3;A104;;4;10;1;0;;0;
LEIN;ING3;2DMSP34;D;CFGS;2º;3;A104;;4;11;1;0;;0;
LEIN;ING3;2DMSP34;D;CFGS;2º;3;A104;;4;12;1;0;;0;
DWEC;SAI3;2DIFC303;D;CFGS;2º;3;A201;;4;10;1;0;;0;
DWEC;SAI3;2DIFC303;D;CFGS;2º;3;A201;;4;11;1;0;;0;
DWEC;SAI3;2DIFC303;D;CFGS;2º;3;A201;;4;12;1;0;;0;
EME;OF27;2DMSP34;D;CFGS;2º;3;A104;;3;10;1;0;;0;
EME;OF27;2DMSP34;D;CFGS;2º;3;A104;;3;11;1;0;;0;
EME;OF27;2DMSP34;D;CFGS;2º;3;A104;;3;12;1;0;;0;
ACM;FIC2;2MAM202;M;CFGM;2º;1;TMA2;;2;1;1;0;;0;
ACM;FIC2;2MAM202;M;CFGM;2º;1;TMA2;;2;2;1;0;;0;
ACM;FIC2;2MAM202;M;CFGM;2º;1;TMA2;;2;3;1;0;;0;
ACM;FIC2;2MAM202;M;CFGM;2º;1;TMA2;;3;3;1;0;;0;
TVN;OGC4;2VCOM302;V;CFGS;2º;2;A313;;2;8;1;0;;0;
TVN;OGC4;2VCOM302;V;CFGS;2º;2;A313;;2;9;1;0;;0;
TVN;OGC4;2VCOM302;V;CFGS;2º;2;A313;;2;10;1;0;;0;
TVN;OGC4;2VCOM302;V;CFGS;2º;2;A313;;1;8;1;0;;0;
TVN;OGC4;2VCOM302;V;CFGS;2º;2;A313;;1;9;1;0;;0;
PGMC;OF26;2VIMA302;V;CFGS;2º;2;A207;;5;11;1;0;;0;
PGMC;OF26;2VIMA302;V;CFGS;2º;2;A207;;5;12;1;0;;0;
PGMC;OF26;2VIMA302;V;CFGS;2º;2;A207;;5;13;1;0;;0;
PGMC;OF26;2VIMA302;V;CFGS;2º;2;A207;;2;10;1;0;;0;
PGMC;OF26;2VIMA302;V;CFGS;2º;2;A207;;2;11;1;0;;0;
ME;OF10;2VFME203;V;CFGM;2º;2;LMET;;3;11;1;0;;0;
ME;OF10;2VFME203;V;CFGM;2º;2;LMET;;3;12;1;0;;0;
ME;OF10;2VFME203;V;CFGM;2º;2;LMET;;3;13;1;0;;0;
ME;OF10;2VFME203;V;CFGM;2º;2;LMET;;1;8;1;0;;0;
ME;OF10;2VFME203;V;CFGM;2º;2;LMET;;1;9;1;0;;0;
OBM;FIC1;1MAM202;M;CFGM;1º;1;TMA1;;3;1;1;0;;0;
OBM;FIC1;1MAM202;M;CFGM;1º;1;TMA1;;3;2;1;0;;0;
OBM;FIC1;1MAM202;M;CFGM;1º;1;TMA1;;3;3;1;0;;0;
OBM;FIC1;1MAM202;M;CFGM;1º;1;TMA1;;4;5;1;0;;0;
OBM;FIC1;1MAM202;M;CFGM;1º;1;TMA1;;4;6;1;0;;0;
GCPRL;OF10;2VFME301;V;CFGS;2;2;OT2;;2;8;1;0;;0;
GCPRL;OF10;2VFME301;V;CFGS;2;2;OT2;;2;9;1;0;;0;
GCPRL;OF10;2VFME301;V;CFGS;2;2;OT2;;2;10;1;0;;0;
GCPRL;OF10;2VFME301;V;CFGS;2;2;OT2;;5;8;1;0;;0;
GCPRL;OF10;2VFME301;V;CFGS;2;2;OT2;;5;9;1;0;;0;
ME;OF25;2FME202;M;CFGM;2º;1;LMET;;2;1;1;0;;0;
ME;OF25;2FME202;M;CFGM;2º;1;LMET;;2;2;1;0;;0;
ME;OF25;2FME202;M;CFGM;2º;1;LMET;;2;3;1;0;;0;
ME;OF25;2FME202;M;CFGM;2º;1;LMET;;5;5;1;0;;0;
ME;OF25;2FME202;M;CFGM;2º;1;LMET;;5;6;1;0;;0;
TMINS;ETF2;1IMA204;M;CFGM;1º;1;TRC1;;1;4;1;0;;0;
TMINS;ETF2;1IMA204;M;CFGM;1º;1;TRC1;;1;5;1;0;;0;
TMINS;ETF2;1IMA204;M;CFGM;1º;1;TRC1;;1;6;1;0;;0;
TMINS;ETF2;1IMA204;M;CFGM;1º;1;TRC1;;4;1;1;0;;0;
TMINS;ETF2;1IMA204;M;CFGM;1º;1;TRC1;;4;2;1;0;;0;
GCPRL;OF11;2FME301;M;CFGS;2º;1;A306;;5;4;1;0;;0;
GCPRL;OF11;2FME301;M;CFGS;2º;1;A306;;5;5;1;0;;0;
GCPRL;OF11;2FME301;M;CFGS;2º;1;A306;;5;6;1;0;;0;
GCPRL;OF11;2FME301;M;CFGS;2º;1;OT3;;2;5;1;0;;0;
GCPRL;OF11;2FME301;M;CFGS;2º;1;OT3;;2;6;1;0;;0;
DPMC;OF07;1FME304;M;CFGS;1º;1;LINS;;5;1;1;0;;0;
DPMC;OF07;1FME304;M;CFGS;1º;1;LINS;;5;2;1;0;;0;
DPMC;OF07;1FME304;M;CFGS;1º;1;LINS;;5;3;1;0;;0;
DPMC;OF07;1FME304;M;CFGS;1º;1;LINS;;4;5;1;0;;0;
DPMC;OF07;1FME304;M;CFGS;1º;1;LINS;;4;6;1;0;;0;
MMERC;ETF1;2IMA204;M;CFGM;2º;1;TRC2;;2;1;1;0;;0;
MMERC;ETF1;2IMA204;M;CFGM;2º;1;TRC2;;2;2;1;0;;0;
MMERC;ETF1;2IMA204;M;CFGM;2º;1;TRC2;;2;3;1;0;;0;
MMERC;ETF1;2IMA204;M;CFGM;2º;1;TRC2;;5;4;1;0;;0;
MMERC;ETF1;2IMA204;M;CFGM;2º;1;TRC2;;5;5;1;0;;0;
MCM;FIC1;2MAM202;M;CFGM;2º;1;TMA2;;4;1;1;0;;0;
MCM;FIC1;2MAM202;M;CFGM;2º;1;TMA2;;4;2;1;0;;0;
MCM;FIC1;2MAM202;M;CFGM;2º;1;TMA2;;4;3;1;0;;0;
MCM;FIC1;2MAM202;M;CFGM;2º;1;TMA2;;5;1;1;0;;0;
MCM;FIC1;2MAM202;M;CFGM;2º;1;TMA2;;5;2;1;0;;0;
AFA;EF11;1VAFD302;V;CFGS;1º;1;PICA;;4;8;1;0;;0;
AFA;EF11;1VAFD302;V;CFGS;1º;1;PICA;;4;9;1;0;;0;
AFA;EF11;1VAFD302;V;CFGS;1º;1;PICA;;4;10;1;0;;0;
AFA;EF11;1VAFD302;V;CFGS;1º;1;PICA;;2;8;1;0;;0;
AFA;EF11;1VAFD302;V;CFGS;1º;1;PICA;;2;9;1;0;;0;
LPS;OGC1;2VCOM304;V;CFGS;2º;1;A310;;2;8;1;0;;0;
LPS;OGC1;2VCOM304;V;CFGS;2º;1;A310;;2;9;1;0;;0;
LPS;OGC1;2VCOM304;V;CFGS;2º;1;A310;;4;8;1;0;;0;
LPS;OGC1;2VCOM304;V;CFGS;2º;1;A310;;4;9;1;0;;0;
LPS;OGC1;2VCOM304;V;CFGS;2º;1;A310;;4;10;1;0;;0;
AFDIS;EF12;2AFD301;M;CFGS;2º;1;POL2;;2;1;1;0;;0;
AFDIS;EF12;2AFD301;M;CFGS;2º;1;POL2;;2;2;1;0;;0;
AFDIS;EF12;2AFD301;M;CFGS;2º;1;POL2;;2;3;1;0;;0;
AFDIS;EF12;2AFD301;M;CFGS;2º;1;APOL;;5;5;1;0;;0;
AFDIS;EF12;2AFD301;M;CFGS;2º;1;APOL;;5;6;1;0;;0;
ABAFS;EF12;1VAFD302;V;CFGS;1º;1;POL1;;5;11;1;0;;0;
ABAFS;EF12;1VAFD302;V;CFGS;1º;1;POL1;;5;12;1;0;;0;
ABAFS;EF12;1VAFD302;V;CFGS;1º;1;POL1;;5;13;1;0;;0;
ABAFS;EF12;1VAFD302;V;CFGS;1º;1;POL1;;1;10;1;0;;0;
ABAFS;EF12;1VAFD302;V;CFGS;1º;1;POL1;;1;11;1;0;;0;
VPROD;OF24;2FME304;M;CFGS;2º;1;LMET;;4;4;1;0;;0;
VPROD;OF24;2FME304;M;CFGS;2º;1;LMET;;4;5;1;0;;0;
VPROD;OF24;2FME304;M;CFGS;2º;1;LMET;;4;6;1;0;;0;
VPROD;OF24;2FME304;M;CFGS;2º;1;LMET;;3;2;1;0;;0;
VPROD;OF24;2FME304;M;CFGS;2º;1;LMET;;3;3;1;0;;0;
PMDM;INF6;2VIFC302;V;CFGS;2º;2;A302;;2;9;1;0;;0;
PMDM;INF6;2VIFC302;V;CFGS;2º;2;A302;;2;10;1;0;;0;
PMDM;INF6;2VIFC302;V;CFGS;2º;2;A302;;2;11;1;0;;0;
PMDM;INF6;2VIFC302;V;CFGS;2º;2;A302;;4;12;1;0;;0;
PMDM;INF6;2VIFC302;V;CFGS;2º;2;A302;;4;13;1;0;;0;
TFA;MM24;1IMA201;M;CFGM;1º;1;TMEC;;1;1;1;0;;0;
TFA;MM24;1IMA201;M;CFGM;1º;1;TMEC;;1;2;1;0;;0;
TFA;MM24;1IMA201;M;CFGM;1º;1;TMEC;;1;3;1;0;;0;
TFA;MM24;1IMA201;M;CFGM;1º;1;TMEC;;5;4;1;0;;0;
TFA;MM24;1IMA201;M;CFGM;1º;1;TMEC;;5;5;1;0;;0;
TFA;MM24;1IMA201;M;CFGM;1º;1;TMEC;;5;6;1;0;;0;
DGPP;INF4;1VIFC403;V;CES;1º;1;A205;;2;8;1;0;;0;
DGPP;INF4;1VIFC403;V;CES;1º;1;A205;;1;10;1;0;;0;
DGPP;INF4;1VIFC403;V;CES;1º;1;A205;;3;8;1;0;;0;
DGPP;INF4;1VIFC403;V;CES;1º;1;A205;;1;11;1;0;;0;
DGPP;INF4;1VIFC403;V;CES;1º;1;A205;;1;12;1;0;;0;
SMI;OF08;1VIMA401;V;CES;1º;1;A101;;3;8;1;0;;0;
SMI;OF08;1VIMA401;V;CES;1º;1;A101;;3;9;1;0;;0;
SMI;OF08;1VIMA401;V;CES;1º;1;A101;;3;10;1;0;;0;
SMI;OF08;1VIMA401;V;CES;1º;1;A101;;2;10;1;0;;0;
SMI;OF08;1VIMA401;V;CES;1º;1;A101;;2;11;1;0;;0;
TH;EF11;2VAFD302;V;CFGS;2º;1;PILL;;1;8;1;0;;0;
TH;EF11;2VAFD302;V;CFGS;2º;1;PILL;;1;9;1;0;;0;
TH;EF11;2VAFD302;V;CFGS;2º;1;PILL;;1;10;1;0;;0;
TH;EF11;2VAFD302;V;CFGS;2º;1;PILL;;5;8;1;0;;0;
TH;EF11;2VAFD302;V;CFGS;2º;1;PILL;;5;9;1;0;;0;
TH;EF11;2VAFD302;V;CFGS;2º;1;PILL;;5;10;1;0;;0;
IEAUT;SEA1;1IMA204;M;CFGM;1º;1;TELE;;1;1;1;0;;0;
IEAUT;SEA1;1IMA204;M;CFGM;1º;1;TELE;;1;2;1;0;;0;
IEAUT;SEA1;1IMA204;M;CFGM;1º;1;TELE;;1;3;1;0;;0;
IEAUT;SEA1;1IMA204;M;CFGM;1º;1;TELE;;5;4;1;0;;0;
IEAUT;SEA1;1IMA204;M;CFGM;1º;1;TELE;;5;5;1;0;;0;
IEAUT;SEA1;1IMA204;M;CFGM;1º;1;TELE;;5;6;1;0;;0;
OBC;FIC3;1MAM202;M;CFGM;1º;1;TMA1;;5;3;1;0;;0;
OBC;FIC3;1MAM202;M;CFGM;1º;1;TMA1;;5;4;1;0;;0;
OBC;FIC3;1MAM202;M;CFGM;1º;1;TMA1;;5;5;1;0;;0;
OBC;FIC3;1MAM202;M;CFGM;1º;1;TMA1;;1;3;1;0;;0;
OBC;FIC3;1MAM202;M;CFGM;1º;1;TMA1;;1;4;1;0;;0;
SAAM;OF04;1VIMA401;V;CES;1º;1;A101;;5;10;1;0;;0;
SAAM;OF04;1VIMA401;V;CES;1º;1;A101;;5;11;1;0;;0;
SAAM;OF04;1VIMA401;V;CES;1º;1;A101;;5;12;1;0;;0;
SAAM;OF04;1VIMA401;V;CES;1º;1;A101;;4;11;1;0;;0;
SAAM;OF04;1VIMA401;V;CES;1º;1;A101;;1;12;1;0;;0;
SAAM;OF04;1VIMA401;V;CES;1º;1;A101;;4;12;1;0;;0;
MD;PC9;1VCOM302;V;CFGS;1º;1;A314;;5;8;1;0;;0;
MD;PC9;1VCOM302;V;CFGS;1º;1;A314;;5;9;1;0;;0;
MD;PC9;1VCOM302;V;CFGS;1º;1;A314;;5;10;1;0;;0;
MD;PC9;1VCOM302;V;CFGS;1º;1;A314;;2;9;1;0;;0;
MD;PC9;1VCOM302;V;CFGS;1º;1;A314;;2;10;1;0;;0;
MD;PC9;1VCOM302;V;CFGS;1º;1;A314;;2;11;1;0;;0;
MD;PC9;1VCOM304;V;CFGS;1º;1;A312;;4;11;1;0;;0;
MD;PC9;1VCOM304;V;CFGS;1º;1;A312;;4;12;1;0;;0;
MD;PC9;1VCOM304;V;CFGS;1º;1;A312;;4;13;1;0;;0;
MD;PC9;1VCOM304;V;CFGS;1º;1;A312;;3;10;1;0;;0;
MD;PC9;1VCOM304;V;CFGS;1º;1;A312;;3;11;1;0;;0;
MD;PC9;1VCOM304;V;CFGS;1º;1;A312;;5;13;1;0;;0;
MMEE;IE1;2IMA201;M;CFGM;2º;1;TELE;;5;1;1;0;;0;
MMEE;IE1;2IMA201;M;CFGM;2º;1;TELE;;5;2;1;0;;0;
MMEE;IE1;2IMA201;M;CFGM;2º;1;TELE;;5;3;1;0;;0;
MMEE;IE1;2IMA201;M;CFGM;2º;1;TELE;;2;1;1;0;;0;
MMEE;IE1;2IMA201;M;CFGM;2º;1;TELE;;2;2;1;0;;0;
MMEE;IE1;2IMA201;M;CFGM;2º;1;TELE;;2;3;1;0;;0;
SGEM;SAI6;2VIFC302;V;CFGS;2º;2;A302;;1;8;1;0;;0;
SGEM;SAI6;2VIFC302;V;CFGS;2º;2;A302;;1;9;1;0;;0;
SGEM;SAI6;2VIFC302;V;CFGS;2º;2;A302;;1;10;1;0;;0;
SGEM;SAI6;2VIFC302;V;CFGS;2º;2;A302;;5;12;1;0;;0;
SGEM;SAI6;2VIFC302;V;CFGS;2º;2;A302;;5;13;1;0;;0;
ANH;OF22;1IMA201;M;CFGM;1º;1;LNEU;;4;4;1;0;;0;
ANH;OF22;1IMA201;M;CFGM;1º;1;LNEU;;4;5;1;0;;0;
ANH;OF22;1IMA201;M;CFGM;1º;1;LNEU;;4;6;1;0;;0;
ANH;OF22;1IMA201;M;CFGM;1º;1;LNEU;;1;4;1;0;;0;
ANH;OF22;1IMA201;M;CFGM;1º;1;LNEU;;1;5;1;0;;0;
ANH;OF22;1IMA201;M;CFGM;1º;1;LNEU;;2;4;1;0;;0;
ANH;OF22;1IMA201;M;CFGM;1º;1;LNEU;;2;5;1;0;;0;
CSM;OF26;2VIMA302;V;CFGS;2º;2;A207;;3;11;1;0;;0;
CSM;OF26;2VIMA302;V;CFGS;2º;2;A207;;3;12;1;0;;0;
CSM;OF26;2VIMA302;V;CFGS;2º;2;A207;;3;13;1;0;;0;
CSM;OF26;2VIMA302;V;CFGS;2º;2;A207;;4;8;1;0;;0;
CSM;OF26;2VIMA302;V;CFGS;2º;2;A207;;4;9;1;0;;0;
CSM;OF26;2VIMA302;V;CFGS;2º;2;A207;;1;12;1;0;;0;
CSM;OF26;2VIMA302;V;CFGS;2º;2;A207;;1;13;1;0;;0;
MMD;FIC1;2MAM202;M;CFGM;2º;1;TMA2;;2;4;1;0;;0;
MMD;FIC1;2MAM202;M;CFGM;2º;1;TMA2;;2;5;1;0;;0;
MMD;FIC1;2MAM202;M;CFGM;2º;1;TMA2;;2;6;1;0;;0;
MMD;FIC1;2MAM202;M;CFGM;2º;1;TMA2;;1;3;1;0;;0;
MMD;FIC1;2MAM202;M;CFGM;2º;1;TMA2;;1;4;1;0;;0;
MMD;FIC1;2MAM202;M;CFGM;2º;1;TMA2;;3;5;1;0;;0;
MMD;FIC1;2MAM202;M;CFGM;2º;1;TMA2;;3;6;1;0;;0;
CSM;OF07;2IMA302;M;CFGS;2º;1;A101;;2;5;1;0;;0;
CSM;OF07;2IMA302;M;CFGS;2º;1;A101;;2;6;1;0;;0;
CSM;OF07;2IMA302;M;CFGS;2º;1;A101;;4;3;1;0;;0;
CSM;OF07;2IMA302;M;CFGS;2º;1;A101;;4;4;1;0;;0;
CSM;OF07;2IMA302;M;CFGS;2º;1;A101;;1;1;1;0;;0;
CSM;OF07;2IMA302;M;CFGS;2º;1;A101;;1;2;1;0;;0;
CSM;OF07;2IMA302;M;CFGS;2º;1;A101;;1;3;1;0;;0;
PROGR;INF5;1IFC303;M;CFGS;1º;1;A204;;1;2;1;0;;0;
PROGR;INF5;1IFC303;M;CFGS;1º;1;A204;;1;3;1;0;;0;
PROGR;INF5;1IFC303;M;CFGS;1º;1;A204;;1;4;1;0;;0;
PROGR;INF5;1IFC303;M;CFGS;1º;1;A204;;3;5;1;0;;0;
PROGR;INF5;1IFC303;M;CFGS;1º;1;A204;;3;6;1;0;;0;
PROGR;INF5;1IFC303;M;CFGS;1º;1;A204;;5;4;1;0;;0;
PROGR;INF5;1IFC303;M;CFGS;1º;1;A204;;5;5;1;0;;0;
DWES;INF7;2IFC303;M;CFGS;2º;1;A205;;2;4;1;0;;0;
DWES;INF7;2IFC303;M;CFGS;2º;1;A205;;2;5;1;0;;0;
DWES;INF7;2IFC303;M;CFGS;2º;1;A205;;2;6;1;0;;0;
DWES;INF7;2IFC303;M;CFGS;2º;1;A205;;4;5;1;0;;0;
DWES;INF7;2IFC303;M;CFGS;2º;1;A205;;4;6;1;0;;0;
DWES;INF7;2IFC303;M;CFGS;2º;1;A205;;1;3;1;0;;0;
DWES;INF7;2IFC303;M;CFGS;2º;1;A205;;1;4;1;0;;0;
PRT;FO09;1MSP34;M;CFGS;1º;1;A103;;5;1;1;0;;0;
PRT;FO09;1MSP34;M;CFGS;1º;1;A103;;5;2;1;0;;0;
PRT;FO09;1MSP34;M;CFGS;1º;1;A103;;5;3;1;0;;0;
PRT;FO09;1MSP34;M;CFGS;1º;1;A103;;3;5;1;0;;0;
PRT;FO09;1MSP34;M;CFGS;1º;1;A103;;3;6;1;0;;0;
PRT;FO09;1MSP34;M;CFGS;1º;1;A103;;2;3;1;0;;0;
PRT;FO09;1MSP34;M;CFGS;1º;1;A103;;2;4;1;0;;0;
PROGR;INF6;1VIFC302;V;CFGS;1º;2;A204;;4;8;1;0;;0;
PROGR;INF6;1VIFC302;V;CFGS;1º;2;A204;;4;9;1;0;;0;
PROGR;INF6;1VIFC302;V;CFGS;1º;2;A204;;4;10;1;0;;0;
PROGR;INF6;1VIFC302;V;CFGS;1º;2;A204;;3;12;1;0;;0;
PROGR;INF6;1VIFC302;V;CFGS;1º;2;A204;;3;13;1;0;;0;
PROGR;INF6;1VIFC302;V;CFGS;1º;2;A204;;5;8;1;0;;0;
PROGR;INF6;1VIFC302;V;CFGS;1º;2;A204;;5;9;1;0;;0;
MMLA;OF25;2IMA201;M;CFGM;2º;1;LAUT;;4;1;1;0;;0;
MMLA;OF25;2IMA201;M;CFGM;2º;1;LAUT;;4;2;1;0;;0;
MMLA;OF25;2IMA201;M;CFGM;2º;1;LAUT;;4;3;1;0;;0;
MMLA;OF25;2IMA201;M;CFGM;2º;1;LAUT;;1;1;1;0;;0;
MMLA;OF25;2IMA201;M;CFGM;2º;1;LAUT;;1;2;1;0;;0;
MMLA;OF25;2IMA201;M;CFGM;2º;1;LAUT;;1;3;1;0;;0;
MMLA;OF25;2IMA201;M;CFGM;2º;1;LAUT;;3;1;1;0;;0;
MMLA;OF25;2IMA201;M;CFGM;2º;1;LAUT;;3;2;1;0;;0;
MMIFI;ETF2;2IMA204;M;CFGM;2º;1;TRC2;;5;1;1;0;;0;
MMIFI;ETF2;2IMA204;M;CFGM;2º;1;TRC2;;5;2;1;0;;0;
MMIFI;ETF2;2IMA204;M;CFGM;2º;1;TRC2;;5;3;1;0;;0;
MMIFI;ETF2;2IMA204;M;CFGM;2º;1;TRC2;;4;4;1;0;;0;
MMIFI;ETF2;2IMA204;M;CFGM;2º;1;TRC2;;4;5;1;0;;0;
MMIFI;ETF2;2IMA204;M;CFGM;2º;1;TRC2;;4;6;1;0;;0;
MMIFI;ETF2;2IMA204;M;CFGM;2º;1;TRC2;;2;5;1;0;;0;
MMIFI;ETF2;2IMA204;M;CFGM;2º;1;TRC2;;2;6;1;0;;0;
SAN;SOL7;1FME203;M;CFGM;1º;1;TSAN;;5;4;1;0;;0;
SAN;SOL7;1FME203;M;CFGM;1º;1;TSAN;;5;5;1;0;;0;
SAN;SOL7;1FME203;M;CFGM;1º;1;TSAN;;5;6;1;0;;0;
SAN;SOL7;1FME203;M;CFGM;1º;1;TSAN;;4;1;1;0;;0;
SAN;SOL7;1FME203;M;CFGM;1º;1;TSAN;;4;2;1;0;;0;
SAN;SOL7;1FME203;M;CFGM;1º;1;TSAN;;4;3;1;0;;0;
SAN;SOL7;1FME203;M;CFGM;1º;1;TSAN;;1;1;1;0;;0;
SAN;SOL7;1FME203;M;CFGM;1º;1;TSAN;;1;2;1;0;;0;
CF;AE2;2ADG301;M;CFGS;2º;1;A201;;5;4;1;0;;0;
CF;AE2;2ADG301;M;CFGS;2º;1;A201;;5;5;1;0;;0;
CF;AE2;2ADG301;M;CFGS;2º;1;A201;;5;6;1;0;;0;
CF;AE2;2ADG301;M;CFGS;2º;1;A201;;3;2;1;0;;0;
CF;AE2;2ADG301;M;CFGS;2º;1;A201;;3;3;1;0;;0;
CF;AE2;2ADG301;M;CFGS;2º;1;A201;;1;4;1;0;;0;
CF;AE2;2ADG301;M;CFGS;2º;1;A201;;1;5;1;0;;0;
EMI;OF04;1VIMA401;V;CES;1º;1;A101;;4;8;1;0;;0;
EMI;OF04;1VIMA401;V;CES;1º;1;A101;;4;9;1;0;;0;
EMI;OF04;1VIMA401;V;CES;1º;1;A101;;4;10;1;0;;0;
EMI;OF04;1VIMA401;V;CES;1º;1;A101;;5;8;1;0;;0;
EMI;OF04;1VIMA401;V;CES;1º;1;A101;;5;9;1;0;;0;
EMI;OF04;1VIMA401;V;CES;1º;1;A101;;1;8;1;0;;0;
EMI;OF04;1VIMA401;V;CES;1º;1;A101;;1;9;1;0;;0;
PMV;SAI1;1VIFC403;V;CES;1º;1;A205;;1;8;1;0;;0;
PMV;SAI1;1VIFC403;V;CES;1º;1;A205;;1;9;1;0;;0;
PMV;SAI1;1VIFC403;V;CES;1º;1;A205;;4;8;1;0;;0;
PMV;SAI1;1VIFC403;V;CES;1º;1;A205;;2;11;1;0;;0;
PMV;SAI1;1VIFC403;V;CES;1º;1;A205;;2;12;1;0;;0;
PMV;SAI1;1VIFC403;V;CES;1º;1;A205;;5;8;1;0;;0;
PMV;SAI1;1VIFC403;V;CES;1º;1;A205;;5;9;1;0;;0;
DWEC;SAI3;2IFC303;M;CFGS;2º;1;A205;;3;3;1;0;;0;
DWEC;SAI3;2IFC303;M;CFGS;2º;1;A205;;3;4;1;0;;0;
DWEC;SAI3;2IFC303;M;CFGS;2º;1;A205;;3;5;1;0;;0;
DWEC;SAI3;2IFC303;M;CFGS;2º;1;A205;;5;3;1;0;;0;
DWEC;SAI3;2IFC303;M;CFGS;2º;1;A205;;5;4;1;0;;0;
DWEC;SAI3;2IFC303;M;CFGS;2º;1;A205;;1;5;1;0;;0;
DWEC;SAI3;2IFC303;M;CFGS;2º;1;A205;;1;6;1;0;;0;
FAECC;MM05;2FME202;M;CFGM;2º;1;TMES;;2;4;1;0;;0;
FAECC;MM05;2FME202;M;CFGM;2º;1;TMES;;2;5;1;0;;0;
FAECC;MM05;2FME202;M;CFGM;2º;1;TMES;;2;6;1;0;;0;
FAECC;MM05;2FME202;M;CFGM;2º;1;TMES;;3;4;1;0;;0;
FAECC;MM05;2FME202;M;CFGM;2º;1;TMES;;3;5;1;0;;0;
FAECC;MM05;2FME202;M;CFGM;2º;1;TMES;;3;6;1;0;;0;
FAECC;MM05;2FME202;M;CFGM;2º;1;TMES;;4;4;1;0;;0;
FAECC;MM05;2FME202;M;CFGM;2º;1;TMES;;4;5;1;0;;0;
FAECC;MM05;2FME202;M;CFGM;2º;1;TMES;;4;6;1;0;;0;
PUMCM;SOL6;2VFME301;V;CFGS;2;2;TSOL;;1;8;1;0;;0;
PUMCM;SOL6;2VFME301;V;CFGS;2;2;TSOL;;1;9;1;0;;0;
PUMCM;SOL6;2VFME301;V;CFGS;2;2;TSOL;;1;10;1;0;;0;
PUMCM;SOL6;2VFME301;V;CFGS;2;2;TSOL;;3;11;1;0;;0;
PUMCM;SOL6;2VFME301;V;CFGS;2;2;TSOL;;3;12;1;0;;0;
PUMCM;SOL6;2VFME301;V;CFGS;2;2;TSOL;;3;13;1;0;;0;
PUMCM;SOL6;2VFME301;V;CFGS;2;2;TSOL;;4;11;1;0;;0;
PUMCM;SOL6;2VFME301;V;CFGS;2;2;TSOL;;4;12;1;0;;0;
PUMCM;SOL6;2VFME301;V;CFGS;2;2;TSOL;;4;13;1;0;;0;
SAP;SOL2;2FME203;M;CFGM;2º;1;TSAP;;3;1;1;0;;0;
SAP;SOL2;2FME203;M;CFGM;2º;1;TSAP;;3;2;1;0;;0;
SAP;SOL2;2FME203;M;CFGM;2º;1;TSAP;;3;3;1;0;;0;
SAP;SOL2;2FME203;M;CFGM;2º;1;TSAP;;4;4;1;0;;0;
SAP;SOL2;2FME203;M;CFGM;2º;1;TSAP;;4;5;1;0;;0;
SAP;SOL2;2FME203;M;CFGM;2º;1;TSAP;;4;6;1;0;;0;
SAP;SOL2;2FME203;M;CFGM;2º;1;TSAP;;1;4;1;0;;0;
SAP;SOL2;2FME203;M;CFGM;2º;1;TSAP;;1;5;1;0;;0;
SAP;SOL2;2FME203;M;CFGM;2º;1;TSAP;;1;6;1;0;;0;
IS;OF23;2IMA302;M;CFGS;2º;1;LAUT;;5;1;1;0;;0;
IS;OF23;2IMA302;M;CFGS;2º;1;LAUT;;5;2;1;0;;0;
IS;OF23;2IMA302;M;CFGS;2º;1;LAUT;;5;3;1;0;;0;
IS;OF23;2IMA302;M;CFGS;2º;1;LAUT;;3;4;1;0;;0;
IS;OF23;2IMA302;M;CFGS;2º;1;LAUT;;3;5;1;0;;0;
IS;OF23;2IMA302;M;CFGS;2º;1;LAUT;;3;6;1;0;;0;
IS;OF23;2IMA302;M;CFGS;2º;1;LAUT;;1;4;1;0;;0;
IS;OF23;2IMA302;M;CFGS;2º;1;LAUT;;1;5;1;0;;0;
IS;OF23;2IMA302;M;CFGS;2º;1;LAUT;;1;6;1;0;;0;
PUMCM;SOL4;2FME301;M;CFGS;2º;1;TSOL;;5;1;1;0;;0;
PUMCM;SOL4;2FME301;M;CFGS;2º;1;TSOL;;5;2;1;0;;0;
PUMCM;SOL4;2FME301;M;CFGS;2º;1;TSOL;;5;3;1;0;;0;
PUMCM;SOL4;2FME301;M;CFGS;2º;1;TSOL;;3;4;1;0;;0;
PUMCM;SOL4;2FME301;M;CFGS;2º;1;TSOL;;3;5;1;0;;0;
PUMCM;SOL4;2FME301;M;CFGS;2º;1;TSOL;;3;6;1;0;;0;
PUMCM;SOL4;2FME301;M;CFGS;2º;1;TSOL;;2;1;1;0;;0;
PUMCM;SOL4;2FME301;M;CFGS;2º;1;TSOL;;2;2;1;0;;0;
PUMCM;SOL4;2FME301;M;CFGS;2º;1;TSOL;;2;3;1;0;;0;
MCN;MM04;2FME202;M;CFGM;2º;1;LCNC;;5;1;1;0;;0;
MCN;MM04;2FME202;M;CFGM;2º;1;LCNC;;5;2;1;0;;0;
MCN;MM04;2FME202;M;CFGM;2º;1;LCNC;;5;3;1;0;;0;
MCN;MM04;2FME202;M;CFGM;2º;1;LCNC;;3;1;1;0;;0;
MCN;MM04;2FME202;M;CFGM;2º;1;LCNC;;3;2;1;0;;0;
MCN;MM04;2FME202;M;CFGM;2º;1;LCNC;;3;3;1;0;;0;
MCN;MM04;2FME202;M;CFGM;2º;1;LCNC;;4;1;1;0;;0;
MCN;MM04;2FME202;M;CFGM;2º;1;LCNC;;4;2;1;0;;0;
MCN;MM04;2FME202;M;CFGM;2º;1;LCNC;;4;3;1;0;;0;
SAP;SOL3;2VFME203;V;CFGM;2º;2;TSAP;;5;8;1;0;;0;
SAP;SOL3;2VFME203;V;CFGM;2º;2;TSAP;;5;9;1;0;;0;
SAP;SOL3;2VFME203;V;CFGM;2º;2;TSAP;;5;10;1;0;;0;
SAP;SOL3;2VFME203;V;CFGM;2º;2;TSAP;;4;8;1;0;;0;
SAP;SOL3;2VFME203;V;CFGM;2º;2;TSAP;;4;9;1;0;;0;
SAP;SOL3;2VFME203;V;CFGM;2º;2;TSAP;;4;10;1;0;;0;
SAP;SOL3;2VFME203;V;CFGM;2º;2;TSAP;;2;11;1;0;;0;
SAP;SOL3;2VFME203;V;CFGM;2º;2;TSAP;;2;12;1;0;;0;
SAP;SOL3;2VFME203;V;CFGM;2º;2;TSAP;;2;13;1;0;;0;
MMICV;ETF1;2IMA204;M;CFGM;2º;1;TRC2;;3;1;1;0;;0;
MMICV;ETF1;2IMA204;M;CFGM;2º;1;TRC2;;3;2;1;0;;0;
MMICV;ETF1;2IMA204;M;CFGM;2º;1;TRC2;;3;3;1;0;;0;
MMICV;ETF1;2IMA204;M;CFGM;2º;1;TRC2;;1;1;1;0;;0;
MMICV;ETF1;2IMA204;M;CFGM;2º;1;TRC2;;1;2;1;0;;0;
MMICV;ETF1;2IMA204;M;CFGM;2º;1;TRC2;;1;3;1;0;;0;
MMICV;ETF1;2IMA204;M;CFGM;2º;1;TRC2;;4;1;1;0;;0;
MMICV;ETF1;2IMA204;M;CFGM;2º;1;TRC2;;4;2;1;0;;0;
MMICV;ETF1;2IMA204;M;CFGM;2º;1;TRC2;;4;3;1;0;;0;
DCMET;OF11;2FME301;M;CFGS;2º;1;OT3;;4;4;1;0;;0;
DCMET;OF11;2FME301;M;CFGS;2º;1;OT3;;4;5;1;0;;0;
DCMET;OF11;2FME301;M;CFGS;2º;1;OT3;;4;6;1;0;;0;
DCMET;OF11;2FME301;M;CFGS;2º;1;OT3;;3;1;1;0;;0;
DCMET;OF11;2FME301;M;CFGS;2º;1;OT3;;3;2;1;0;;0;
DCMET;OF11;2FME301;M;CFGS;2º;1;OT3;;3;3;1;0;;0;
DCMET;OF11;2FME301;M;CFGS;2º;1;OT3;;1;4;1;0;;0;
DCMET;OF11;2FME301;M;CFGS;2º;1;OT3;;1;5;1;0;;0;
DCMET;OF11;2FME301;M;CFGS;2º;1;OT3;;1;6;1;0;;0;
MCN;MM05;2FME304;M;CFGS;2º;1;LCNC;;1;4;1;0;;0;
MCN;MM05;2FME304;M;CFGS;2º;1;LCNC;;1;5;1;0;;0;
MCN;MM05;2FME304;M;CFGS;2º;1;LCNC;;1;6;1;0;;0;
MCN;MM05;2FME304;M;CFGS;2º;1;OTREF;;5;3;1;0;;0;
MCN;MM05;2FME304;M;CFGS;2º;1;LCNC;;2;2;1;0;;0;
MCN;MM05;2FME304;M;CFGS;2º;1;LCNC;;2;3;1;0;;0;
MCN;MM05;2FME304;M;CFGS;2º;1;LCNC;;5;4;1;0;;0;
MCN;MM05;2FME304;M;CFGS;2º;1;LCNC;;5;5;1;0;;0;
MCN;MM05;2FME304;M;CFGS;2º;1;LCNC;;5;6;1;0;;0;
MMM;MM06;2IMA201;M;CFGM;2º;1;TMGM;;3;3;1;0;;0;
MMM;MM06;2IMA201;M;CFGM;2º;1;TMGM;;3;4;1;0;;0;
MMM;MM06;2IMA201;M;CFGM;2º;1;TMGM;;3;5;1;0;;0;
MMM;MM06;2IMA201;M;CFGM;2º;1;TMGM;;4;4;1;0;;0;
MMM;MM06;2IMA201;M;CFGM;2º;1;TMGM;;4;5;1;0;;0;
MMM;MM06;2IMA201;M;CFGM;2º;1;TMGM;;4;6;1;0;;0;
MMM;MM06;2IMA201;M;CFGM;2º;1;TMGM;;5;5;1;0;;0;
MMM;MM06;2IMA201;M;CFGM;2º;1;TMGM;;5;6;1;0;;0;
SAN;SOL5;1VFME203;V;CFGM;1º;2;TSAN;;1;11;1;0;;0;
SAN;SOL5;1VFME203;V;CFGM;1º;2;TSAN;;1;12;1;0;;0;
SAN;SOL5;1VFME203;V;CFGM;1º;2;TSAN;;1;13;1;0;;0;
SAN;SOL5;1VFME203;V;CFGM;1º;2;TSAN;;3;8;1;0;;0;
SAN;SOL5;1VFME203;V;CFGM;1º;2;TSAN;;3;9;1;0;;0;
SAN;SOL5;1VFME203;V;CFGM;1º;2;TSAN;;3;10;1;0;;0;
SAN;SOL5;1VFME203;V;CFGM;1º;2;TSAN;;5;8;1;0;;0;
SAN;SOL5;1VFME203;V;CFGM;1º;2;TSAN;;5;9;1;0;;0;
SAN;SOL5;1VFME203;V;CFGM;1º;2;TSAN;;5;10;1;0;;0;
IS;OF21;2VIMA302;V;CFGS;2º;2;LAUT;;5;8;1;0;;0;
IS;OF21;2VIMA302;V;CFGS;2º;2;LAUT;;5;9;1;0;;0;
IS;OF21;2VIMA302;V;CFGS;2º;2;LAUT;;5;10;1;0;;0;
IS;OF21;2VIMA302;V;CFGS;2º;2;LAUT;;3;8;1;0;;0;
IS;OF21;2VIMA302;V;CFGS;2º;2;LAUT;;3;9;1;0;;0;
IS;OF21;2VIMA302;V;CFGS;2º;2;LAUT;;3;10;1;0;;0;
IS;OF21;2VIMA302;V;CFGS;2º;2;LAUT;;1;8;1;0;;0;
IS;OF21;2VIMA302;V;CFGS;2º;2;LAUT;;1;9;1;0;;0;
IS;OF21;2VIMA302;V;CFGS;2º;2;LAUT;;1;10;1;0;;0;
MON;SOL9;2VFME203;V;CFGM;2º;2;TCM3;;1;11;1;0;;0;
MON;SOL9;2VFME203;V;CFGM;2º;2;TCM3;;1;12;1;0;;0;
MON;SOL9;2VFME203;V;CFGM;2º;2;TCM3;;1;13;1;0;;0;
MON;SOL9;2VFME203;V;CFGM;2º;2;TCM3;;3;8;1;0;;0;
MON;SOL9;2VFME203;V;CFGM;2º;2;TCM3;;3;9;1;0;;0;
MON;SOL9;2VFME203;V;CFGM;2º;2;TCM3;;3;10;1;0;;0;
MON;SOL9;2VFME203;V;CFGM;2º;2;TCM3;;4;11;1;0;;0;
MON;SOL9;2VFME203;V;CFGM;2º;2;TCM3;;4;12;1;0;;0;
MON;SOL9;2VFME203;V;CFGM;2º;2;TCM3;;4;13;1;0;;0;
DCMET;OF06;2VFME301;V;CFGS;2;2;OT1;;4;8;1;0;;0;
DCMET;OF06;2VFME301;V;CFGS;2;2;OT1;;4;9;1;0;;0;
DCMET;OF06;2VFME301;V;CFGS;2;2;OT1;;4;10;1;0;;0;
DCMET;OF06;2VFME301;V;CFGS;2;2;OT1;;3;8;1;0;;0;
DCMET;OF06;2VFME301;V;CFGS;2;2;OT1;;3;9;1;0;;0;
DCMET;OF06;2VFME301;V;CFGS;2;2;OT1;;5;10;1;0;;0;
DCMET;OF06;2VFME301;V;CFGS;2;2;OT1;;5;11;1;0;;0;
DCMET;OF06;2VFME301;V;CFGS;2;2;OT1;;1;12;1;0;;0;
DCMET;OF06;2VFME301;V;CFGS;2;2;OT1;;1;13;1;0;;0;
TBM;PC8;1COM101;M;FPB;1º;1;A001;;4;4;1;0;;0;
TBM;PC8;1COM101;M;FPB;1º;1;A001;;4;5;1;0;;0;
TBM;PC8;1COM101;M;FPB;1º;1;A001;;4;6;1;0;;0;
TBM;PC8;1COM101;M;FPB;1º;1;A001;;5;1;1;0;;0;
TBM;PC8;1COM101;M;FPB;1º;1;A001;;5;2;1;0;;0;
TBM;PC8;1COM101;M;FPB;1º;1;A001;;2;1;1;0;;0;
TBM;PC8;1COM101;M;FPB;1º;1;A001;;2;2;1;0;;0;
TBM;PC8;1COM101;M;FPB;1º;1;A001;;1;1;1;0;;0;
TBM;PC8;1COM101;M;FPB;1º;1;A001;;1;2;1;0;;0;
MON;SOL1;2FME203;M;CFGM;2º;1;TCM3;;1;1;1;0;;0;
MON;SOL1;2FME203;M;CFGM;2º;1;TCM3;;1;2;1;0;;0;
MON;SOL1;2FME203;M;CFGM;2º;1;TCM3;;1;3;1;0;;0;
MON;SOL1;2FME203;M;CFGM;2º;1;TCM3;;2;4;1;0;;0;
MON;SOL1;2FME203;M;CFGM;2º;1;TCM3;;2;5;1;0;;0;
MON;SOL1;2FME203;M;CFGM;2º;1;TCM3;;2;6;1;0;;0;
MON;SOL1;2FME203;M;CFGM;2º;1;TCM3;;5;4;1;0;;0;
MON;SOL1;2FME203;M;CFGM;2º;1;TCM3;;5;5;1;0;;0;
MON;SOL1;2FME203;M;CFGM;2º;1;TCM3;;5;6;1;0;;0;
MON;SOL1;2FME203;M;CFGM;2º;1;TCM3;;3;5;1;0;;0;
DUPCE;OF03;2FME302;M;CFGS;2º;1;OT1;;4;1;1;0;;0;
DUPCE;OF03;2FME302;M;CFGS;2º;1;OT1;;4;2;1;0;;0;
DUPCE;OF03;2FME302;M;CFGS;2º;1;OT1;;4;3;1;0;;0;
DUPCE;OF03;2FME302;M;CFGS;2º;1;OT1;;1;3;1;0;;0;
DUPCE;OF03;2FME302;M;CFGS;2º;1;OT1;;1;4;1;0;;0;
DUPCE;OF03;2FME302;M;CFGS;2º;1;OT1;;1;5;1;0;;0;
DUPCE;OF03;2FME302;M;CFGS;2º;1;OT1;;5;3;1;0;;0;
DUPCE;OF03;2FME302;M;CFGS;2º;1;OT1;;5;4;1;0;;0;
DUPCE;OF03;2FME302;M;CFGS;2º;1;OT1;;5;5;1;0;;0;
DUPCE;OF03;2FME302;M;CFGS;2º;1;OT1;;2;3;1;0;;0;
DUPCE;OF03;2FME302;M;CFGS;2º;1;OT1;;2;4;1;0;;0;
PF;MM23;1VIMA302;V;CFGS;1º;2;TMEC;;4;10;1;0;;0;
PF;MM24;1VIMA302;V;CFGS;1º;2;TMEC;;4;10;1;0;;0;
PF;MM23;1VIMA302;V;CFGS;1º;2;TMEC;;4;11;1;0;;0;
PF;MM24;1VIMA302;V;CFGS;1º;2;TMEC;;4;11;1;0;;0;
PF;MM23;1VIMA302;V;CFGS;1º;2;TMEC;;4;12;1;0;;0;
PF;MM24;1VIMA302;V;CFGS;1º;2;TMEC;;4;12;1;0;;0;
PF;MM22;1IMA302;M;CFGS;1º;1;TMEC;;4;1;1;0;;0;
PF;MM02;1IMA302;M;CFGS;1º;1;TMEC;;4;1;1;0;;0;
PF;MM22;1IMA302;M;CFGS;1º;1;TMEC;;4;2;1;0;;0;
PF;MM02;1IMA302;M;CFGS;1º;1;TMEC;;4;2;1;0;;0;
PF;MM22;1IMA302;M;CFGS;1º;1;TMEC;;4;3;1;0;;0;
PF;MM02;1IMA302;M;CFGS;1º;1;TMEC;;4;3;1;0;;0;
PM;SOL9;1VFME301;V;CFGS;1º;2;TCM3;;4;8;1;0;;0;
PM;SOL8;1VFME301;V;CFGS;1º;2;TCM3;;4;8;1;0;;0;
PM;SOL9;1VFME301;V;CFGS;1º;2;TCM3;;4;9;1;0;;0;
PM;SOL8;1VFME301;V;CFGS;1º;2;TCM3;;4;9;1;0;;0;
PM;SOL9;1VFME301;V;CFGS;1º;2;TCM3;;4;10;1;0;;0;
PM;SOL8;1VFME301;V;CFGS;1º;2;TCM3;;4;10;1;0;;0;
PM;SOL8;1VFME301;V;CFGS;1º;2;ATSO;;5;8;1;0;;0;
PM;SOL9;1VFME301;V;CFGS;1º;2;ATSO;;5;8;1;0;;0;
PM;SOL8;1VFME301;V;CFGS;1º;2;ATSO;;5;9;1;0;;0;
PM;SOL9;1VFME301;V;CFGS;1º;2;ATSO;;5;9;1;0;;0;
PM;SOL8;1VFME301;V;CFGS;1º;2;ATSO;;5;10;1;0;;0;
PM;SOL9;1VFME301;V;CFGS;1º;2;ATSO;;5;10;1;0;;0;
PM;SOL4;1FME301;M;CFGS;1º;1;TCM3;;1;4;1;0;;0;
PM;SOL1;1FME301;M;CFGS;1º;1;TCM3;;1;4;1;0;;0;
PM;SOL4;1FME301;M;CFGS;1º;1;TCM3;;1;5;1;0;;0;
PM;SOL1;1FME301;M;CFGS;1º;1;TCM3;;1;5;1;0;;0;
PM;SOL4;1FME301;M;CFGS;1º;1;TCM3;;1;6;1;0;;0;
PM;SOL1;1FME301;M;CFGS;1º;1;TCM3;;1;6;1;0;;0;
PM;SOL4;1FME301;M;CFGS;1º;1;TCM3;;4;1;1;0;;0;
PM;SOL1;1FME301;M;CFGS;1º;1;TCM3;;4;1;1;0;;0;
PM;SOL4;1FME301;M;CFGS;1º;1;TCM3;;4;2;1;0;;0;
PM;SOL1;1FME301;M;CFGS;1º;1;TCM3;;4;2;1;0;;0;
PM;SOL4;1FME301;M;CFGS;1º;1;TCM3;;4;3;1;0;;0;
PM;SOL1;1FME301;M;CFGS;1º;1;TCM3;;4;3;1;0;;0;
PROGR;INF10;1VIFC303;V;CFGS;1º;1;A306;;4;8;1;0;;0;
PROGR;INF5;1VIFC303;V;CFGS;1º;1;A306;;4;8;1;0;;0;
PROGR;INF10;1VIFC303;V;CFGS;1º;1;A306;;4;9;1;0;;0;
PROGR;INF5;1VIFC303;V;CFGS;1º;1;A306;;4;9;1;0;;0;
PROGR;INF10;1VIFC303;V;CFGS;1º;1;A306;;4;10;1;0;;0;
PROGR;INF5;1VIFC303;V;CFGS;1º;1;A306;;4;10;1;0;;0;
PROGR;INF10;1VIFC303;V;CFGS;1º;1;A306;;1;9;1;0;;0;
PROGR;INF5;1VIFC303;V;CFGS;1º;1;A306;;1;9;1;0;;0;
PROGR;INF10;1VIFC303;V;CFGS;1º;1;A306;;1;10;1;0;;0;
PROGR;INF5;1VIFC303;V;CFGS;1º;1;A306;;1;10;1;0;;0;
PROGR;INF10;1VIFC303;V;CFGS;1º;1;A306;;3;8;1;0;;0;
PROGR;INF5;1VIFC303;V;CFGS;1º;1;A306;;3;8;1;0;;0;
PROGR;INF10;1VIFC303;V;CFGS;1º;1;A306;;3;9;1;0;;0;
PROGR;INF5;1VIFC303;V;CFGS;1º;1;A306;;3;9;1;0;;0;
TC;ESP;1VSSC306;V;CFGS;1º;1;LINS;;1;8;1;0;;0;
TC;ESP;1VSSC306;V;CFGS;1º;1;LINS;;1;9;1;0;;0;
TC;ESP;1VSSC306;V;CFGS;1º;1;LINS;;1;10;1;0;;0;
TC;ESP;1VSSC306;V;CFGS;1º;1;LINS;;1;11;1;0;;0;
GE;EF8;2AFD201;M;CFGM;2º;1;CHAS;;3;3;1;0;;0;
GE;EF8;2AFD201;M;CFGM;2º;1;CHAS;;3;4;1;0;;0;
GE;EF8;2AFD201;M;CFGM;2º;1;CHAS;;3;5;1;0;;0;
GE;EF8;2AFD201;M;CFGM;2º;1;CHAS;;3;6;1;0;;0;
SMN;EF6;2AFD201;M;CFGM;2º;1;A002;;1;3;1;0;;0;
SMN;EF6;2AFD201;M;CFGM;2º;1;PSUR;;1;4;1;0;;0;
SMN;EF6;2AFD201;M;CFGM;2º;1;PSUR;;1;5;1;0;;0;
SMN;EF6;2AFD201;M;CFGM;2º;1;PSUR;;1;6;1;0;;0;
GPR;FO04;2DMSP34;D;CFGS;2º;3;A104;;2;10;1;0;;0;
GPR;FO04;2DMSP34;D;CFGS;2º;3;A104;;2;11;1;0;;0;
GPR;FO04;2DMSP34;D;CFGS;2º;3;A104;;2;12;1;0;;0;
GPR;FO04;2DMSP34;D;CFGS;2º;3;A104;;2;13;1;0;;0;
GB;EF1;1AFD201;M;CFGM;1º;1;TBIC;;5;3;1;0;;0;
GB;EF4;1AFD201;M;CFGM;1º;1;TBIC;;5;3;1;0;;0;
GB;EF1;1AFD201;M;CFGM;1º;1;TBIC;;5;4;1;0;;0;
GB;EF4;1AFD201;M;CFGM;1º;1;TBIC;;5;4;1;0;;0;
GB;EF1;1AFD201;M;CFGM;1º;1;TBIC;;5;5;1;0;;0;
GB;EF4;1AFD201;M;CFGM;1º;1;TBIC;;5;5;1;0;;0;
GB;EF1;1AFD201;M;CFGM;1º;1;TBIC;;5;6;1;0;;0;
GB;EF4;1AFD201;M;CFGM;1º;1;TBIC;;5;6;1;0;;0;
MCC;EF8;2AFD201;M;CFGM;2º;1;ROCO;;2;2;1;0;;0;
MCC;EF3;2AFD201;M;CFGM;2º;1;ROCO;;2;2;1;0;;0;
MCC;EF8;2AFD201;M;CFGM;2º;1;ROCO;;2;3;1;0;;0;
MCC;EF3;2AFD201;M;CFGM;2º;1;ROCO;;2;3;1;0;;0;
MCC;EF8;2AFD201;M;CFGM;2º;1;ROCO;;2;4;1;0;;0;
MCC;EF3;2AFD201;M;CFGM;2º;1;ROCO;;2;4;1;0;;0;
MCC;EF8;2AFD201;M;CFGM;2º;1;ROCO;;2;5;1;0;;0;
MCC;EF3;2AFD201;M;CFGM;2º;1;ROCO;;2;5;1;0;;0;
MCC;EF8;2AFD201;M;CFGM;2º;1;ROCO;;2;6;1;0;;0;
MCC;EF3;2AFD201;M;CFGM;2º;1;ROCO;;2;6;1;0;;0;
GMNA;EF3;2AFD201;M;CFGM;2º;1;PORT;;4;2;1;0;;0;
GMNA;EF8;2AFD201;M;CFGM;2º;1;PORT;;4;2;1;0;;0;
GMNA;EF3;2AFD201;M;CFGM;2º;1;PORT;;4;3;1;0;;0;
GMNA;EF8;2AFD201;M;CFGM;2º;1;PORT;;4;3;1;0;;0;
GMNA;EF3;2AFD201;M;CFGM;2º;1;PORT;;4;4;1;0;;0;
GMNA;EF8;2AFD201;M;CFGM;2º;1;PORT;;4;4;1;0;;0;
GMNA;EF3;2AFD201;M;CFGM;2º;1;PORT;;4;5;1;0;;0;
GMNA;EF8;2AFD201;M;CFGM;2º;1;PORT;;4;5;1;0;;0;
GMNA;EF3;2AFD201;M;CFGM;2º;1;PORT;;4;6;1;0;;0;
GMNA;EF8;2AFD201;M;CFGM;2º;1;PORT;;4;6;1;0;;0;
GBMM;EF5;1AFD201;M;CFGM;1º;1;A002;;2;2;1;0;;0;
GBMM;EF1;1AFD201;M;CFGM;1º;1;A002;;2;2;1;0;;0;
GBMM;EF5;1AFD201;M;CFGM;1º;1;A002;;2;3;1;0;;0;
GBMM;EF1;1AFD201;M;CFGM;1º;1;A002;;2;3;1;0;;0;
GBMM;EF5;1AFD201;M;CFGM;1º;1;A002;;2;4;1;0;;0;
GBMM;EF1;1AFD201;M;CFGM;1º;1;A002;;2;4;1;0;;0;
GBMM;EF5;1AFD201;M;CFGM;1º;1;A002;;2;5;1;0;;0;
GBMM;EF1;1AFD201;M;CFGM;1º;1;A002;;2;5;1;0;;0;
GBMM;EF5;1AFD201;M;CFGM;1º;1;A002;;2;6;1;0;;0;
GBMM;EF1;1AFD201;M;CFGM;1º;1;A002;;2;6;1;0;;0;
GBMM;EF5;1AFD201;M;CFGM;1º;1;A002;;1;1;1;0;;0;
GBMM;EF1;1AFD201;M;CFGM;1º;1;A002;;1;1;1;0;;0;
